{"__comment":"Designed by HanFox with Cubik Studio - http://bdcraft.net","parent":"item/bdc_tilted_item","textures":{"pointer":"items/bdc_compass_pointer","compass":"items/bdc_compass","face":"items/bdc_compass_face"},"elements":[{"__comment":"Face","from":[2,0.75,8],"to":[14,12.75,8.125],"faces":{"north":{"uv":[4,4,16,16],"texture":"#compass"},"south":{"uv":[2,2,14,14.125],"texture":"#face"}}},{"__comment":"LoopTop","from":[7.5,14.58,7.75],"to":[8.5,15.58,8.25],"faces":{"down":{"uv":[0,15,1,16],"texture":"#compass"},"up":{"uv":[0,15,1,16],"texture":"#compass"},"north":{"uv":[3,10,2,11],"texture":"#compass"},"south":{"uv":[2,10,3,11],"texture":"#compass"},"west":{"uv":[0,15,1,16],"texture":"#compass"},"east":{"uv":[0,15,1,16],"texture":"#compass"}}},{"__comment":"LoopTopLeft","from":[5.5,14.58,7.7519999999999998],"to":[7.5,15.58,8.2479999999999993],"rotation":{"origin":[7.5,15.58,7.7519999999999998],"axis":"z","angle":45},"faces":{"down":{"uv":[0,15,1,16],"texture":"#compass"},"up":{"uv":[0,15,1,16],"texture":"#compass"},"north":{"uv":[2,11,0,12],"texture":"#compass"},"south":{"uv":[0,11,2,12],"texture":"#compass"},"west":{"uv":[0,15,1,16],"texture":"#compass"},"east":{"uv":[0,15,1,16],"texture":"#compass"}}},{"__comment":"LoopTopRight","from":[8.5,14.58,7.7510000000000003],"to":[10.5,15.58,8.2490000000000006],"rotation":{"origin":[8.5,15.58,7.7510000000000003],"axis":"z","angle":-45},"faces":{"down":{"uv":[0,15,1,16],"texture":"#compass"},"up":{"uv":[0,15,1,16],"texture":"#compass"},"north":{"uv":[4,11,2,12],"texture":"#compass"},"south":{"uv":[2,11,4,12],"texture":"#compass"},"west":{"uv":[0,15,1,16],"texture":"#compass"},"east":{"uv":[0,15,1,16],"texture":"#compass"}}},{"__comment":"LoopBottomRight","from":[8.5,12.75,7.7519999999999998],"to":[10.5,13.75,8.2479999999999993],"rotation":{"origin":[8.5,12.75,7.7519999999999998],"axis":"z","angle":45},"faces":{"down":{"uv":[0,15,1,16],"texture":"#compass"},"up":{"uv":[0,15,1,16],"texture":"#compass"},"north":{"uv":[4,12,2,13],"texture":"#compass"},"south":{"uv":[2,12,4,13],"texture":"#compass"},"west":{"uv":[0,15,1,16],"texture":"#compass"},"east":{"uv":[0,15,1,16],"texture":"#compass"}}},{"__comment":"LoopBottomLeft","from":[5.5,12.75,7.7510000000000003],"to":[7.5,13.75,8.2490000000000006],"rotation":{"origin":[7.5,12.75,7.7510000000000003],"axis":"z","angle":-45},"faces":{"down":{"uv":[0,15,1,16],"texture":"#compass"},"up":{"uv":[0,15,1,16],"texture":"#compass"},"north":{"uv":[2,12,0,13],"texture":"#compass"},"south":{"uv":[0,12,2,13],"texture":"#compass"},"west":{"uv":[0,15,1,16],"texture":"#compass"},"east":{"uv":[0,15,1,16],"texture":"#compass"}}},{"__comment":"LoopBottom","from":[7.5,12.75,7.75],"to":[8.5,13.75,8.25],"faces":{"down":{"uv":[0,15,1,16],"texture":"#compass"},"up":{"uv":[0,15,1,16],"texture":"#compass"},"north":{"uv":[1,10,0,11],"texture":"#compass"},"south":{"uv":[0,10,1,11],"texture":"#compass"},"west":{"uv":[0,15,1.25,16],"texture":"#compass"},"east":{"uv":[0,15,1,16],"texture":"#compass"}}},{"__comment":"TopLeftTop","from":[3.0299999999999998,12.25,7.5010000000000003],"to":[8,13.25,8.4990000000000006],"rotation":{"origin":[8,13.25,7.5010000000000003],"axis":"z","angle":22.5},"faces":{"down":{"uv":[0,15,1,16],"texture":"#compass"},"up":{"uv":[0,15,1,16],"texture":"#compass"},"north":{"uv":[1,5,2,0],"texture":"#compass","rotation":90},"south":{"uv":[1,0,2,5],"texture":"#compass","rotation":90},"west":{"uv":[0,15,1,16],"texture":"#compass"},"east":{"uv":[0,15,1,16],"texture":"#compass"}}},{"__comment":"TopLeftBottom","from":[1.5,6.75,7.5],"to":[2.5,11.720000000000001,8.5],"rotation":{"origin":[1.5,6.75,7.5],"axis":"z","angle":-22.5},"faces":{"down":{"uv":[0,15,1,16],"texture":"#compass"},"up":{"uv":[0,15,1,16],"texture":"#compass"},"north":{"uv":[1,0,0,5],"texture":"#compass"},"south":{"uv":[0,0,1,5],"texture":"#compass"},"west":{"uv":[0,15,1,16],"texture":"#compass"},"east":{"uv":[0,15,1,16],"texture":"#compass"}}},{"__comment":"TopRightTop","from":[8,12.25,7.5],"to":[12.970000000000001,13.25,8.5],"rotation":{"origin":[8,13.25,7.5],"axis":"z","angle":-22.5},"faces":{"down":{"uv":[0,15,1,16],"texture":"#compass"},"up":{"uv":[0,15,1,16],"texture":"#compass"},"north":{"uv":[2,5,3,0],"texture":"#compass","rotation":90},"south":{"uv":[2,0,3,5],"texture":"#compass","rotation":90},"west":{"uv":[0,15,1,16],"texture":"#compass"},"east":{"uv":[0,15,1,16],"texture":"#compass"}}},{"__comment":"TopRightBottom","from":[13.5,6.75,7.5010000000000003],"to":[14.5,11.720000000000001,8.4990000000000006],"rotation":{"origin":[14.5,6.75,7.5010000000000003],"axis":"z","angle":22.5},"faces":{"down":{"uv":[0,15,1,16],"texture":"#compass"},"up":{"uv":[0,15,1,16],"texture":"#compass"},"north":{"uv":[3,5,4,0],"texture":"#compass"},"south":{"uv":[3,0,4,5],"texture":"#compass","rotation":180},"west":{"uv":[0,15,1,16],"texture":"#compass"},"east":{"uv":[0,15,1,16],"texture":"#compass"}}},{"__comment":"BottomLeftTop","from":[1.5,1.78,7.5010000000000003],"to":[2.5,6.75,8.4990000000000006],"rotation":{"origin":[1.5,6.75,7.5010000000000003],"axis":"z","angle":22.5},"faces":{"down":{"uv":[0,15,1,16],"texture":"#compass"},"up":{"uv":[0,15,1,16],"texture":"#compass"},"north":{"uv":[3,10,4,5],"texture":"#compass","rotation":180},"south":{"uv":[3,5,4,10],"texture":"#compass"},"west":{"uv":[0,15,1,16],"texture":"#compass"},"east":{"uv":[0,15,1,16],"texture":"#compass"}}},{"__comment":"BottomRightTop","from":[13.5,1.78,7.5],"to":[14.5,6.75,8.5],"rotation":{"origin":[14.5,6.75,7.5],"axis":"z","angle":-22.5},"faces":{"down":{"uv":[0,15,1,16],"texture":"#compass"},"up":{"uv":[0,15,1,16],"texture":"#compass"},"north":{"uv":[0,10,1,5],"texture":"#compass"},"south":{"uv":[0,5,1,10],"texture":"#compass","rotation":180},"west":{"uv":[0,15,1,16],"texture":"#compass"},"east":{"uv":[0,15,1,16],"texture":"#compass"}}},{"__comment":"BottomRightBottom","from":[8,0.25,7.5010000000000003],"to":[12.970000000000001,1.25,8.4990000000000006],"rotation":{"origin":[8,0.25,7.5010000000000003],"axis":"z","angle":22.5},"faces":{"down":{"uv":[0,15,1,16],"texture":"#compass"},"up":{"uv":[0,15,1,16],"texture":"#compass"},"north":{"uv":[1,10,2,5],"texture":"#compass","rotation":270},"south":{"uv":[1,5,2,10],"texture":"#compass","rotation":270},"west":{"uv":[0,15,1,16],"texture":"#compass"},"east":{"uv":[0,15,1,16],"texture":"#compass"}}},{"__comment":"BottomLeftBottom","from":[3.0299999999999998,0.25,7.5],"to":[8,1.25,8.5],"rotation":{"origin":[8,0.25,7.5],"axis":"z","angle":-22.5},"faces":{"down":{"uv":[0,15,1,16],"texture":"#compass"},"up":{"uv":[0,15,1,16],"texture":"#compass"},"north":{"uv":[2,10,3,5],"texture":"#compass","rotation":270},"south":{"uv":[2,5,3,10],"texture":"#compass","rotation":270},"west":{"uv":[0,15,1,16],"texture":"#compass"},"east":{"uv":[0,15,1,16],"texture":"#compass"}}},{"__comment":"Pointer","from":[4,2.75,7.7999999999999998],"to":[12,10.75,8.2999989999999997],"rotation":{"origin":[8,6.75,8],"axis":"z","angle":-22.5},"faces":{"south":{"uv":[8,8,16,0],"texture":"#pointer"}}},{"__comment":"Spindle","from":[7.5,6.25,8.0999990000000004],"to":[8.5,7.25,8.4999990000000007],"rotation":{"origin":[8,6.75,8],"axis":"z","angle":-45},"faces":{"down":{"uv":[0,15,1,16],"texture":"#compass"},"up":{"uv":[0,15,1,16],"texture":"#compass"},"north":{"uv":[16,0,15,1],"texture":"#compass"},"south":{"uv":[15,0,16,1],"texture":"#compass"},"west":{"uv":[0,15,1,16],"texture":"#compass"},"east":{"uv":[0,15,1,16],"texture":"#compass"}}}]}