{
	"__comment": "Designed by Sphax with Cubik Studio - https://cubik.studio",
	"gui_light": "front",
	"textures": {
		"trident": "item/_bdc/trident_inhands"
	},
	"elements": [ 	 
		{
			"from": [ -1, 14, -0.75 ],
			"to": [ 1, 16, 0.75 ],
			"shade": false,
			"faces": {
				"down": { "uv": [ 10, 13, 12, 14 ], "texture": "#trident" },
				"up": { "uv": [ 10, 13, 12, 14 ], "texture": "#trident" },
				"north": { "uv": [ 8, 14, 10, 16 ], "texture": "#trident", "rotation": 270 },
				"south": { "uv": [ 8, 14, 10, 16 ], "texture": "#trident", "rotation": 270 },
				"west": { "uv": [ 10, 13, 12, 14 ], "texture": "#trident" },
				"east": { "uv": [ 10, 13, 12, 14 ], "texture": "#trident" }
			}
		},
		{
			"from": [ 0, 14.75, -1 ],
			"to": [ 1, 15.75, 1 ],
			"rotation": { "origin": [ 0, 15.75, -1 ], "axis": "z", "angle": -45 },
			"shade": false,
			"faces": {
				"down": { "uv": [ 2, 13, 3, 14 ], "texture": "#trident" },
				"up": { "uv": [ 2, 13, 3, 14 ], "texture": "#trident" },
				"north": { "uv": [ 2, 16, 0, 14 ], "texture": "#trident" },
				"south": { "uv": [ 0, 14, 2, 16 ], "texture": "#trident" },
				"west": { "uv": [ 2, 13, 3, 14 ], "texture": "#trident" },
				"east": { "uv": [ 2, 13, 3, 14 ], "texture": "#trident" }
			}
		},
		{
			"from": [ -0.5, -8.5, -0.5 ],
			"to": [ 0.5, 14.5, 0.5 ],
			"shade": false,
			"faces": {
				"down": { "uv": [ 10, 13, 11, 14 ], "texture": "#trident" },
				"up": { "uv": [ 10, 13, 11, 14 ], "texture": "#trident" },
				"north": { "uv": [ 12, 14, 14, 16 ], "texture": "#trident", "rotation": 270 },
				"south": { "uv": [ 12, 14, 14, 16 ], "texture": "#trident", "rotation": 270 },
				"west": { "uv": [ 10, 13, 11, 14 ], "texture": "#trident" },
				"east": { "uv": [ 10, 13, 11, 14 ], "texture": "#trident" }
			}
		},
		{
			"from": [ -1, -9.5, -0.75 ],
			"to": [ 1, -7.5, 0.75 ],
			"shade": false,
			"faces": {
				"down": { "uv": [ 10, 13, 12, 14 ], "texture": "#trident" },
				"up": { "uv": [ 10, 13, 12, 14 ], "texture": "#trident" },
				"north": { "uv": [ 8, 14, 10, 16 ], "texture": "#trident" },
				"south": { "uv": [ 8, 14, 10, 16 ], "texture": "#trident" },
				"west": { "uv": [ 10, 13, 12, 14 ], "texture": "#trident" },
				"east": { "uv": [ 10, 13, 12, 14 ], "texture": "#trident" }
			}
		},
		{
			"from": [ -4, 14, -0.5 ],
			"to": [ 4, 24, 0.5 ],
			"shade": false,
			"faces": {
				"north": { "uv": [ 16, 0, 8, 10 ], "texture": "#trident" },
				"south": { "uv": [ 8, 0, 16, 10 ], "texture": "#trident" }
			}
		},
		{
			"from": [ -4, 14, 0 ],
			"to": [ 4, 24, 0.001 ],
			"shade": false,
			"faces": {
				"north": { "uv": [ 8, 0, 0, 10 ], "texture": "#trident" },
				"south": { "uv": [ 0, 0, 8, 10 ], "texture": "#trident" }
			}
		},
		{
			"from": [ 0, 16, -0.5 ],
			"to": [ 0.001, 23.625, 0.5 ],
			"shade": false,
			"faces": {
				"west": { "uv": [ 6, 12, 8, 14 ], "texture": "#trident" },
				"east": { "uv": [ 6, 12, 8, 14 ], "texture": "#trident" }
			}
		},
		{
			"from": [ -4, 14, -0.0625 ],
			"to": [ 4, 24, -0.0615 ],
			"shade": false,
			"faces": {
				"north": { "uv": [ 8, 0, 0, 10 ], "texture": "#trident" },
				"south": { "uv": [ 0, 0, 8, 10 ], "texture": "#trident" }
			}
		},
		{
			"from": [ -4, 14, -0.125 ],
			"to": [ 4, 24, -0.124 ],
			"shade": false,
			"faces": {
				"north": { "uv": [ 8, 0, 0, 10 ], "texture": "#trident" },
				"south": { "uv": [ 0, 0, 8, 10 ], "texture": "#trident" }
			}
		},
		{
			"from": [ -4, 14, -0.1875 ],
			"to": [ 4, 24, -0.1865 ],
			"shade": false,
			"faces": {
				"north": { "uv": [ 8, 0, 0, 10 ], "texture": "#trident" },
				"south": { "uv": [ 0, 0, 8, 10 ], "texture": "#trident" }
			}
		},
		{
			"from": [ -4, 14, -0.25 ],
			"to": [ 4, 24, -0.249 ],
			"shade": false,
			"faces": {
				"north": { "uv": [ 8, 0, 0, 10 ], "texture": "#trident" },
				"south": { "uv": [ 0, 0, 8, 10 ], "texture": "#trident" }
			}
		},
		{
			"from": [ -4, 14, -0.3125 ],
			"to": [ 4, 24, -0.3115 ],
			"shade": false,
			"faces": {
				"north": { "uv": [ 8, 0, 0, 10 ], "texture": "#trident" },
				"south": { "uv": [ 0, 0, 8, 10 ], "texture": "#trident" }
			}
		},
		{
			"from": [ -4, 14, -0.375 ],
			"to": [ 4, 24, -0.374 ],
			"shade": false,
			"faces": {
				"north": { "uv": [ 8, 0, 0, 10 ], "texture": "#trident" },
				"south": { "uv": [ 0, 0, 8, 10 ], "texture": "#trident" }
			}
		},
		{
			"from": [ -4, 14, -0.4375 ],
			"to": [ 4, 24, -0.4365 ],
			"shade": false,
			"faces": {
				"north": { "uv": [ 8, 0, 0, 10 ], "texture": "#trident" },
				"south": { "uv": [ 0, 0, 8, 10 ], "texture": "#trident" }
			}
		},
		{
			"from": [ -4, 14, 0.0625 ],
			"to": [ 4, 24, 0.0635 ],
			"shade": false,
			"faces": {
				"north": { "uv": [ 8, 0, 0, 10 ], "texture": "#trident" },
				"south": { "uv": [ 0, 0, 8, 10 ], "texture": "#trident" }
			}
		},
		{
			"from": [ -4, 14, 0.125 ],
			"to": [ 4, 24, 0.126 ],
			"shade": false,
			"faces": {
				"north": { "uv": [ 8, 0, 0, 10 ], "texture": "#trident" },
				"south": { "uv": [ 0, 0, 8, 10 ], "texture": "#trident" }
			}
		},
		{
			"from": [ -4, 14, 0.1875 ],
			"to": [ 4, 24, 0.1885 ],
			"shade": false,
			"faces": {
				"north": { "uv": [ 8, 0, 0, 10 ], "texture": "#trident" },
				"south": { "uv": [ 0, 0, 8, 10 ], "texture": "#trident" }
			}
		},
		{
			"from": [ -4, 14, 0.25 ],
			"to": [ 4, 24, 0.251 ],
			"shade": false,
			"faces": {
				"north": { "uv": [ 8, 0, 0, 10 ], "texture": "#trident" },
				"south": { "uv": [ 0, 0, 8, 10 ], "texture": "#trident" }
			}
		},
		{
			"from": [ -4, 14, 0.3125 ],
			"to": [ 4, 24, 0.3135 ],
			"shade": false,
			"faces": {
				"north": { "uv": [ 8, 0, 0, 10 ], "texture": "#trident" },
				"south": { "uv": [ 0, 0, 8, 10 ], "texture": "#trident" }
			}
		},
		{
			"from": [ -4, 14, 0.375 ],
			"to": [ 4, 24, 0.376 ],
			"shade": false,
			"faces": {
				"north": { "uv": [ 8, 0, 0, 10 ], "texture": "#trident" },
				"south": { "uv": [ 0, 0, 8, 10 ], "texture": "#trident" }
			}
		},
		{
			"from": [ -4, 14, 0.4375 ],
			"to": [ 4, 24, 0.4385 ],
			"shade": false,
			"faces": {
				"north": { "uv": [ 8, 0, 0, 10 ], "texture": "#trident" },
				"south": { "uv": [ 0, 0, 8, 10 ], "texture": "#trident" }
			}
		}
	]
}