{
    "targets": [
        "swap"
    ],
    "passes": [
        {
            "name": "color_convolve",
            "intarget": "minecraft:main",
            "outtarget": "swap",
            "uniforms": [
                {
                    "name": "RedMatrix",
                    "values": [ 0.3, 0.4, 0.2 ]
                },
                {
                    "name": "GreenMatrix",
                    "values": [ 0.3, 0.4, 0.2 ]
                },
                {
                    "name": "BlueMatrix",
                    "values": [ 0.3, 0.4, 0.2 ]
                }
            ]
        },
        {
            "name": "blit",
            "intarget": "swap",
            "outtarget": "minecraft:main"
        },
        {
            "name": "color_convolve",
            "intarget": "minecraft:main",
            "outtarget": "swap",
            "uniforms": [
                {
                    "name": "RedMatrix",
                    "values": [ 0.3, 0.0, 0.0 ]
                },
                {
                    "name": "GreenMatrix",
                    "values": [ 0.0, 0.6, 0.0 ]
                },
                {
                    "name": "BlueMatrix",
                    "values": [ 0.0, 0.0, 0.3 ]
                }
            ]
        },
        {
            "name": "blit",
            "intarget": "swap",
            "outtarget": "minecraft:main"
        },
        {
            "name": "fisheye",
            "intarget": "minecraft:main",
            "outtarget": "swap"
        },
        {
            "name": "blit",
            "intarget": "swap",
            "outtarget": "minecraft:main"
        }
    ]
}
