{
    "multipart": [
        {   
            "apply": { "model": "bdc_planks_acacia_edges" }
        },
        {   
            "apply": [
				{ "model": "bdc_planks_acacia_1" },
				{ "model": "bdc_planks_acacia_2" },
				{ "model": "bdc_planks_acacia_3" },
				{ "model": "bdc_planks_acacia_4" },
				{ "model": "bdc_planks_acacia_5" },
				{ "model": "bdc_planks_acacia_6" },
				{ "model": "bdc_planks_acacia_7" },
				{ "model": "bdc_planks_acacia_8" }
			]
        }
    ]
}