{
    "multipart": [
        {   
            "apply": { "model": "bdc_planks_dark_oak_edges" }
        },
        {   
            "apply": [
				{ "model": "bdc_planks_dark_oak_1" },
				{ "model": "bdc_planks_dark_oak_2" },
				{ "model": "bdc_planks_dark_oak_3" },
				{ "model": "bdc_planks_dark_oak_4" },
				{ "model": "bdc_planks_dark_oak_5" },
				{ "model": "bdc_planks_dark_oak_6" },
				{ "model": "bdc_planks_dark_oak_7" },
				{ "model": "bdc_planks_dark_oak_8" }
			]
        }
    ]
}