{
	"multipart": [
		{   "when": { "north": false, "east": false, "south": false, "west": false },
			"apply": { "model": "iron_bars_post" }
		},
		{   "when": { "east": true, "west": false, "south": false, "north": false },
			"apply": { "model": "iron_bars_cap_east" }
		},
		{   "when": { "west": true, "east": false, "south": false, "north": false },
			"apply": { "model": "iron_bars_cap_west" }
		},
		{   "when": { "north": true, "west": false, "south": false, "east": false },
			"apply": { "model": "iron_bars_cap_north" }
		},
		{   "when": { "south": true, "west": false, "east": false, "north": false },
			"apply": { "model": "iron_bars_cap_south" }
		},
		{   "when": { "north": true },
			"apply": { "model": "iron_bars_side_north" }
		},
		{   "when": { "east": true },
			"apply": { "model": "iron_bars_side_east" }
		},
		{   "when": { "south": true },
			"apply": { "model": "iron_bars_side_south" }
		},
		{   "when": { "west": true },
			"apply": { "model": "iron_bars_side_west" }
		}
	]
}
