{
    "multipart": [
        {   
            "apply": { "model": "bdc_planks_spruce_edges" }
        },
        {   
            "apply": [
				{ "model": "bdc_planks_spruce_1" },
				{ "model": "bdc_planks_spruce_2" },
				{ "model": "bdc_planks_spruce_3" },
				{ "model": "bdc_planks_spruce_4" },
				{ "model": "bdc_planks_spruce_5" },
				{ "model": "bdc_planks_spruce_6" },
				{ "model": "bdc_planks_spruce_7" },
				{ "model": "bdc_planks_spruce_8" }
			]
        }
    ]
}