{
	"__comment": "Designed by Sphax for PureBDcraft - http://bdcraft.net",
    "ambientocclusion": false,
    "textures": {
        "particle": "#layer0"
    },
    "elements": [
        {   "from": [ 0.8, 0, 7.95 ],
            "to": [ 15.2, 16, 8 ],
            "rotation": { "origin": [ 8, 8, 8 ], "axis": "y", "angle": 45, "rescale": true },
            "shade": false,
            "faces": {
                "north": { "uv": [ 16, 0, 0, 16 ], "texture": "#layer0", "tintindex": 0 },
                "south": { "uv": [ 0, 0, 16, 16 ], "texture": "#layer0", "tintindex": 0 }
            }
        },
        {   "from": [ 7.95, 0, 0.8 ],
            "to": [ 8, 16, 15.2 ],
            "rotation": { "origin": [ 8, 8, 8 ], "axis": "y", "angle": 45, "rescale": true },
            "shade": false,
            "faces": {
                "west": { "uv": [ 0, 0, 16, 16 ], "texture": "#layer0", "tintindex": 0 },
                "east": { "uv": [ 16, 0, 0, 16 ], "texture": "#layer0", "tintindex": 0 }
            }
        }
    ],
	"display": {
		"thirdperson_righthand": {
			"rotation": [ 0, 0, 0 ],
			"translation": [ 0, 2, 0.75 ],
			"scale": [ 0.5, 0.5, 0.5 ]
		},
		"firstperson_righthand": {
			"rotation": [ 4, -32, 0 ],
			"translation": [ 4, 2, -3 ],
			"scale": [ 0.8, 0.8, 0.8 ]
		},
		"ground": {
			"rotation": [ 0, 0, 0 ],
			"translation": [ 0, 3, 0 ],
			"scale": [ 0.5, 0.5, 0.5 ]
		}
	}
}
