{
"textures": {
    "particle": "blocks/cake_side",
    "bottom": "blocks/cake_bottom",
    "top": "blocks/cake_top",
    "side": "blocks/cake_side"
},
"elements": [ 
{
    "from": [ 1, 0, 1 ],
    "to": [ 15, 8, 15 ],
    "faces": {
        "down":  { "uv": [ 1, 1, 15, 15 ], "texture": "#bottom", "cullface": "down" },
        "up":    { "uv": [ 1, 1, 15, 15 ], "texture": "#top" },
        "north": { "uv": [ 1, 8, 15, 16 ], "texture": "#side" },
        "south": { "uv": [ 1, 8, 15, 16 ], "texture": "#side" },
        "west":  { "uv": [ 1, 8, 15, 16 ], "texture": "#side" },
        "east":  { "uv": [ 1, 8, 15, 16 ], "texture": "#side" }
    }
}
],
"display": {
    "thirdperson_righthand": {
        "rotation": [ 75, 45, 0 ],
        "translation": [ 0, 2.5, 0 ],
        "scale": [ 0.375, 0.375, 0.375 ]
    },
    "firstperson_righthand": {
        "rotation": [ 0, 45, 0 ],
        "translation": [ 0, 0, 0 ],
        "scale": [ 0.5, 0.5, 0.5 ]
    },
    "gui": {
        "rotation": [ 30, 225, 0 ],
        "translation": [ 0, 0, 0 ],
        "scale": [ 0.7, 0.7, 0.7 ]
    },
    "ground": {
        "rotation": [ 0, 0, 0 ],
        "translation": [ 0, 3, 0 ],
        "scale": [ 0.3, 0.3, 0.3 ]
    },
    "fixed": {
        "rotation": [ 0, 90, 0 ],
        "translation": [ 0, 0, 0 ],
        "scale": [ 0.5, 0.5, 0.5 ]
    }
}
}