{
"__comment": "Designed by HanFox with BDcraft Cubik PRO 0.96 Beta - http://bdcraft.net",
"parent": "item/bdc_glass_pane",
"textures": {
    "front": "blocks/glass",
    "side": "blocks/glass_pane_top"
},
"elements": [ 
{
    "from": [ 7, 0, 0 ],
    "to": [ 9, 16, 16 ],
    "faces": {
        "down":  { "uv": [ 7, 0, 9, 16 ], "texture": "#side" },
        "up":    { "uv": [ 7, 0, 9, 16 ], "texture": "#side" },
        "north": { "uv": [ 7, 0, 9, 16 ], "texture": "#side" },
        "south": { "uv": [ 7, 0, 9, 16 ], "texture": "#side" },
        "west":  { "uv": [ 0, 0, 16, 16 ], "texture": "#front" },
        "east":  { "uv": [ 0, 0, 16, 16 ], "texture": "#front" }
    }
}
]
}