{
	"__comment": "Designed by HanFox for PureBDcraft - http://bdcraft.net",
	"parent": "block/tripwire_hook",
	"display": {
		"thirdperson_righthand": {
			"rotation": [ 0, 35, 0 ],
			"translation": [ -3.5, 2.5, -4.5 ],
			"scale": [ 0.8, 0.8, 0.8 ]
		},
		"firstperson_righthand": {
			"rotation": [ 0, 105, 0 ],
			"translation": [ 3, 0, -3 ],
			"scale": [ 1, 1, 1 ]
		},
		"gui": {
			"rotation": [ 30, 135, 0 ],
			"translation": [ -3, 0, 0 ],
			"scale": [ 1, 1, 1 ]
		},
		"ground": {
			"rotation": [ 0, 0, 0 ],
			"translation": [ 0, 2, -2 ],
			"scale": [ 0.5, 0.5, 0.5 ]
		},
		"fixed": {
			"rotation": [ 0, 0, 0 ],
			"translation": [ 0, 1.5, -7 ],
			"scale": [ 1, 1, 1 ]
		}
	}
}
