{
	"__comment": "Designed by HanFox with Cubik - http://bdcraft.net",
	"parent": "block/block",
	"textures": {
		"particle": "blocks/planks_jungle",
		"post": "blocks/bdc_gate01",
		"top": "blocks/bdc_fence_crossbar3"
	},
	"elements": [
		{
			"__comment": "Inner vertical post of left-hand gate door",
			"from": [ 7, 3, 6 ],
			"to": [ 9, 12, 8 ],
			"faces": {
				"down": { "uv": [ 0, 12, 4, 16 ], "texture": "#top" },
				"up": { "uv": [ 0, 12, 4, 16 ], "texture": "#top" },
				"north": { "uv": [ 10, 0, 12, 9 ], "texture": "#post" },
				"south": { "uv": [ 10, 7, 12, 16 ], "texture": "#post" },
				"west": { "uv": [ 10, 5, 12, 14 ], "texture": "#post" },
				"east": { "uv": [ 10, 1.5, 12, 10.5 ], "texture": "#post" }
			}
		},
		{
			"__comment": "Inner vertical post of right-hand gate door",
			"from": [ 7, 3, 8 ],
			"to": [ 9, 12, 10 ],
			"faces": {
				"down": { "uv": [ 0, 12, 4, 16 ], "texture": "#top" },
				"up": { "uv": [ 0, 12, 4, 16 ], "texture": "#top" },
				"north": { "uv": [ 10, 2, 12, 11 ], "texture": "#post" },
				"south": { "uv": [ 10, 3.5, 12, 12.5 ], "texture": "#post" },
				"west": { "uv": [ 10, 7, 12, 16 ], "texture": "#post" },
				"east": { "uv": [ 10, 0, 12, 9 ], "texture": "#post" }
			}
		},
		{
			"__comment": "Upper horizontal bar of left-hand gate door",
			"from": [ 7, 9, 2 ],
			"to": [ 9, 12, 6 ],
			"faces": {
				"down": { "uv": [ 6, 2, 8, 0 ], "texture": "#top" },
				"up": { "uv": [ 8, 0, 6, 2 ], "texture": "#top", "rotation": 180 },
				"west": { "uv": [ 0, 11, 4, 14 ], "texture": "#post" },
				"east": { "uv": [ 0, 8, 4, 11 ], "texture": "#post" }
			}
		},
		{
			"__comment": "Lower horizontal bar of left-hand gate door",
			"from": [ 7, 4, 2 ],
			"to": [ 9, 7, 6 ],
			"faces": {
				"down": { "uv": [ 8, 2, 6, 0 ], "texture": "#top", "rotation": 180 },
				"up": { "uv": [ 8, 0, 6, 2 ], "texture": "#top", "rotation": 180 },
				"west": { "uv": [ 4, 11, 0, 14 ], "texture": "#post" },
				"east": { "uv": [ 4, 8, 0, 11 ], "texture": "#post" }
			}
		},
		{
			"__comment": "Upper horizontal bar of right-hand gate door",
			"from": [ 7, 9, 10 ],
			"to": [ 9, 12, 14 ],
			"faces": {
				"down": { "uv": [ 8, 2, 6, 0 ], "texture": "#top", "rotation": 180 },
				"up": { "uv": [ 8, 0, 6, 2 ], "texture": "#top", "rotation": 180 },
				"west": { "uv": [ 0, 8, 4, 11 ], "texture": "#post" },
				"east": { "uv": [ 4, 11, 0, 14 ], "texture": "#post" }
			}
		},
		{
			"__comment": "Lower horizontal bar of right-hand gate door",
			"from": [ 7, 4, 10 ],
			"to": [ 9, 7, 14 ],
			"faces": {
				"down": { "uv": [ 6, 2, 8, 0 ], "texture": "#top" },
				"up": { "uv": [ 6, 0, 8, 2 ], "texture": "#top" },
				"west": { "uv": [ 4, 8, 0, 11 ], "texture": "#post" },
				"east": { "uv": [ 0, 11, 4, 14 ], "texture": "#post" }
			}
		}
	]
}
