{
	"__comment": "Designed by Eskimojo14 with Cubik Studio - https://cubik.studio",
	"parent": "block/thin_block",
	"textures": {
		"particle": "block/dark_oak_trapdoor",
		"texture": "block/dark_oak_trapdoor"
	},
	"elements": [ 	 
		{
			"__comment": "Box1",
			"from": [ 2, 2, 14 ],
			"to": [ 14, 14, 15 ],
			"faces": {
				"north": { "uv": [ 14, 14, 2, 2 ], "texture": "#texture", "rotation": 180 },
				"south": { "uv": [ 2, 2, 14, 14 ], "texture": "#texture", "rotation": 180 }
			}
		},
		{
			"__comment": "Box2",
			"from": [ 0, 14, 13.5 ],
			"to": [ 16, 16, 15.5 ],
			"faces": {
				"down": { "uv": [ 7, 2, 6, 0 ], "texture": "#texture" },
				"up": { "uv": [ 2, 0, 2.5, 2 ], "texture": "#texture" },
				"north": { "uv": [ 0, 0, 16, 2 ], "texture": "#texture" },
				"south": { "uv": [ 0, 2, 16, 0 ], "texture": "#texture", "rotation": 180 },
				"west": { "uv": [ 2, 0, 2.5, 2 ], "texture": "#texture", "rotation": 270 },
				"east": { "uv": [ 2, 2, 2.5, 0 ], "texture": "#texture", "rotation": 270 }
			}
		},
		{
			"__comment": "Box3",
			"from": [ 14, 0, 13.5 ],
			"to": [ 16, 14, 15.5 ],
			"faces": {
				"down": { "uv": [ 2.5, 2, 2, 0 ], "texture": "#texture" },
				"north": { "uv": [ 2, 16, 0, 2 ], "texture": "#texture", "rotation": 180 },
				"south": { "uv": [ 0, 16, 2, 2 ], "texture": "#texture", "rotation": 180 },
				"west": { "uv": [ 6, 0, 7, 2 ], "texture": "#texture", "rotation": 270 },
				"east": { "uv": [ 2, 2, 2.5, 0 ], "texture": "#texture", "rotation": 270 }
			}
		},
		{
			"__comment": "Box4",
			"from": [ 7, 2, 13.5 ],
			"to": [ 9, 14, 15.5 ],
			"faces": {
				"north": { "uv": [ 9, 14, 7, 2 ], "texture": "#texture", "rotation": 180 },
				"south": { "uv": [ 7, 14, 9, 2 ], "texture": "#texture", "rotation": 180 },
				"west": { "uv": [ 6, 0, 7, 2 ], "texture": "#texture", "rotation": 270 },
				"east": { "uv": [ 6, 0, 7, 2 ], "texture": "#texture", "rotation": 90 }
			}
		},
		{
			"__comment": "Box5",
			"from": [ 0, 0, 13.5 ],
			"to": [ 2, 14, 15.5 ],
			"faces": {
				"down": { "uv": [ 2.5, 2, 2, 0 ], "texture": "#texture" },
				"north": { "uv": [ 16, 16, 14, 2 ], "texture": "#texture", "rotation": 180 },
				"south": { "uv": [ 14, 16, 16, 2 ], "texture": "#texture", "rotation": 180 },
				"west": { "uv": [ 2, 0, 2.5, 2 ], "texture": "#texture", "rotation": 270 },
				"east": { "uv": [ 6, 0, 7, 2 ], "texture": "#texture", "rotation": 90 }
			}
		},
		{
			"__comment": "Box6",
			"from": [ 2, 0, 13.5 ],
			"to": [ 14, 2, 15.5 ],
			"faces": {
				"down": { "uv": [ 2.5, 2, 2, 0 ], "texture": "#texture" },
				"up": { "uv": [ 6, 0, 7, 2 ], "texture": "#texture" },
				"north": { "uv": [ 14, 16, 2, 14 ], "texture": "#texture", "rotation": 180 },
				"south": { "uv": [ 2, 16, 14, 14 ], "texture": "#texture", "rotation": 180 }
			}
		},
		{
			"__comment": "Box7",
			"from": [ 2, 7, 13.5 ],
			"to": [ 14, 9, 15.5 ],
			"faces": {
				"down": { "uv": [ 7, 2, 6, 0 ], "texture": "#texture" },
				"up": { "uv": [ 6, 0, 7, 2 ], "texture": "#texture" },
				"north": { "uv": [ 14, 9, 2, 7 ], "texture": "#texture", "rotation": 180 },
				"south": { "uv": [ 2, 9, 14, 7 ], "texture": "#texture", "rotation": 180 }
			}
		},
		{
			"__comment": "Box8",
			"from": [ 10.5, -0.0099, 13 ],
			"to": [ 12.5, 2.010099, 16 ],
			"faces": {
				"down": { "uv": [ 12.5, 15.5, 10.5, 15 ], "texture": "#texture" },
				"up": { "uv": [ 10.5, 15, 12.5, 15.5 ], "texture": "#texture" },
				"north": { "uv": [ 5.5, 16, 3.5, 13.9899 ], "texture": "#texture", "rotation": 180 },
				"south": { "uv": [ 3.5, 13.9899, 5.5, 16 ], "texture": "#texture", "rotation": 180 },
				"west": { "uv": [ 10.5, 15, 12.5, 15.5 ], "texture": "#texture", "rotation": 270 },
				"east": { "uv": [ 10.5, 15, 12.5, 15.5 ], "texture": "#texture", "rotation": 90 }
			}
		},
		{
			"__comment": "Box9",
			"from": [ 3.5, -0.0099, 13 ],
			"to": [ 5.5, 2.010099, 16 ],
			"faces": {
				"down": { "uv": [ 12.5, 15.5, 10.5, 15 ], "texture": "#texture" },
				"up": { "uv": [ 10.5, 15, 12.5, 15.5 ], "texture": "#texture" },
				"north": { "uv": [ 12.5, 16, 10.5, 13.9899 ], "texture": "#texture", "rotation": 180 },
				"south": { "uv": [ 10.5, 13.9899, 12.5, 16 ], "texture": "#texture", "rotation": 180 },
				"west": { "uv": [ 10.5, 15, 12.5, 15.5 ], "texture": "#texture", "rotation": 270 },
				"east": { "uv": [ 10.5, 15, 12.5, 15.5 ], "texture": "#texture", "rotation": 90 }
			}
		},
		{
			"__comment": "Box10",
			"from": [ 4.5, 14.5, 13 ],
			"to": [ 11.5, 15.5, 16 ],
			"faces": {
				"down": { "uv": [ 5, 16, 4.5, 14 ], "texture": "#texture" },
				"up": { "uv": [ 4.5, 14, 5, 16 ], "texture": "#texture" },
				"north": { "uv": [ 5, 16, 4.5, 14 ], "texture": "#texture", "rotation": 180 },
				"south": { "uv": [ 4.5, 14, 5, 16 ], "texture": "#texture", "rotation": 180 },
				"west": { "uv": [ 4.5, 16, 5, 14 ], "texture": "#texture" },
				"east": { "uv": [ 4.5, 16, 5, 14 ], "texture": "#texture", "rotation": 180 }
			}
		}
	]
}