{
"__comment": "Designed by Sphax with BDcraft Cubik PRO 0.76 Beta - http://bdcraft.net",
"ambientocclusion": false,
"textures": {
    "particle": "blocks/door_jungle_upper",
    "top": "blocks/door_jungle_upper"
},
"elements": [ 
{
    "from": [ 0, 0, 11 ],
    "to": [ 3, 1, 15 ],
    "faces": {
        "up":    { "uv": [ 10, 14, 10.5, 16 ], "texture": "#top" },
        "north": { "uv": [ 10, 14, 10.5, 16 ], "texture": "#top" },
        "south": { "uv": [ 15.5, 14, 16, 16 ], "texture": "#top" },
        "west":  { "uv": [ 11, 15, 15, 16 ], "texture": "#top" },
        "east":  { "uv": [ 15, 15, 11, 16 ], "texture": "#top" }
    }
},
{
    "from": [ 0, 3, 4 ],
    "to": [ 3, 14, 6 ],
    "faces": {
        "down":  { "uv": [ 4, 12.5, 6, 13 ], "rotation": 270, "texture": "#top" },
        "up":    { "uv": [ 4, 2, 6, 2.5 ], "rotation": 90, "texture": "#top" },
        "north": { "uv": [ 4, 2, 6, 13 ], "texture": "#top" },
        "south": { "uv": [ 4, 2, 6, 13 ], "texture": "#top" },
        "west":  { "uv": [ 4, 2, 6, 13 ], "texture": "#top" },
        "east":  { "uv": [ 6, 2, 4, 13 ], "texture": "#top" }
    }
},
{
    "from": [ 0, 4, 3 ],
    "to": [ 3, 6, 14 ],
    "faces": {
        "down":  { "uv": [ 3, 10, 14, 12 ], "rotation": 270, "texture": "#top" },
        "up":    { "uv": [ 3, 10, 14, 12 ], "rotation": 270, "texture": "#top" },
        "north": { "uv": [ 3, 10, 3.5, 12 ], "texture": "#top" },
        "south": { "uv": [ 13.5, 10, 14, 12 ], "texture": "#top" },
        "west":  { "uv": [ 3, 10, 14, 12 ], "texture": "#top" },
        "east":  { "uv": [ 14, 10, 3, 12 ], "texture": "#top" }
    }
},
{
    "from": [ 0, 11, 3 ],
    "to": [ 3, 13, 14 ],
    "faces": {
        "down":  { "uv": [ 3, 3, 14, 5 ], "rotation": 270, "texture": "#top" },
        "up":    { "uv": [ 3, 3, 14, 5 ], "rotation": 270, "texture": "#top" },
        "north": { "uv": [ 3, 3, 3.5, 5 ], "texture": "#top" },
        "south": { "uv": [ 13.5, 3, 14, 5 ], "texture": "#top" },
        "west":  { "uv": [ 3, 3, 14, 5 ], "texture": "#top" },
        "east":  { "uv": [ 14, 3, 3, 5 ], "texture": "#top" }
    }
},
{
    "from": [ 0, 3, 11 ],
    "to": [ 3, 14, 13 ],
    "faces": {
        "down":  { "uv": [ 11, 12.5, 13, 13 ], "rotation": 270, "texture": "#top" },
        "up":    { "uv": [ 11, 2, 13, 2.5 ], "rotation": 90, "texture": "#top" },
        "north": { "uv": [ 13, 2, 11, 13 ], "texture": "#top" },
        "south": { "uv": [ 11, 2, 13, 13 ], "texture": "#top" },
        "west":  { "uv": [ 11, 2, 13, 13 ], "texture": "#top" },
        "east":  { "uv": [ 13, 2, 11, 13 ], "texture": "#top" }
    }
},
{
    "from": [ 0.5, 0, 0 ],
    "to": [ 2.5, 16, 16 ],
    "faces": {
        "up":    { "uv": [ 7, 1, 10, 2 ], "texture": "#top" },
        "north": { "uv": [ 0, 0, 0.5, 16 ], "texture": "#top" },
        "south": { "uv": [ 7, 1, 10, 2 ], "texture": "#top" },
        "west":  { "uv": [ 0, 0, 16, 16 ], "texture": "#top" },
        "east":  { "uv": [ 16, 0, 0, 16 ], "texture": "#top" }
    }
},
{
    "from": [ 0, 10, 0 ],
    "to": [ 3, 12, 2 ],
    "faces": {
        "down":  { "uv": [ 0, 5.5, 2, 6 ], "texture": "#top" },
        "up":    { "uv": [ 0, 4, 2, 4.5 ], "texture": "#top" },
        "north": { "uv": [ 0, 4, 0.5, 6 ], "texture": "#top" },
        "south": { "uv": [ 1.5, 4, 2, 6 ], "texture": "#top" },
        "west":  { "uv": [ 0, 4, 2, 6 ], "texture": "#top" },
        "east":  { "uv": [ 2, 4, 0, 6 ], "texture": "#top" }
    }
},
{
    "from": [ 0, 0, 0 ],
    "to": [ 3, 1, 2 ],
    "faces": {
        "up":    { "uv": [ 0, 15, 2, 15.5 ], "texture": "#top" },
        "north": { "uv": [ 0, 15, 0.5, 16 ], "texture": "#top" },
        "south": { "uv": [ 1.5, 15, 2, 16 ], "texture": "#top" },
        "west":  { "uv": [ 0, 15, 2, 16 ], "texture": "#top" },
        "east":  { "uv": [ 2, 15, 0, 16 ], "texture": "#top" }
    }
},
{
    "__comment": "InnerHandle",
	"from": [ -0.25, 0, 12.25 ],
    "to": [ 3.25, 1.5, 13.75 ],
    "faces": {
        "up":    { "uv": [ 12.25, 14.5, 13.75, 15 ], "texture": "#top" },
        "north": { "uv": [ 12.25, 14.5, 13.75, 16 ], "texture": "#top" },
        "south": { "uv": [ 13.25, 14.5, 13.75, 16 ], "texture": "#top" },
        "west":  { "uv": [ 12.25, 14.5, 13.75, 16 ], "texture": "#top" },
        "east":  { "uv": [ 13.75, 14.5, 12.25, 16 ], "texture": "#top" }
    }
}
]
}