{
	"__comment": "Designed by the resident Inuit with BDcraft Cubik Virtuoso - http://BDcraft.net/cubik",
	"parent": "block/block",
	"textures": {
		"particle": "blocks/cobblestone",
		"texture2": "blocks/bdc_switches"
	},
	"elements": [
		{
			"__comment": "Cube",
			"from": [ 4, 0, 4 ],
			"to": [ 12, 1, 12 ],
			"faces": {
				"down": { "uv": [ 1, 1, 9, 9 ], "texture": "#texture2", "cullface": "down" },
				"up": { "uv": [ 1, 1, 9, 9 ], "texture": "#texture2" },
				"north": { "uv": [ 1, 0, 9, 1 ], "texture": "#texture2", "rotation": 180 },
				"south": { "uv": [ 1, 9, 9, 10 ], "texture": "#texture2" },
				"west": { "uv": [ 0, 1, 1, 9 ], "texture": "#texture2", "rotation": 270 },
				"east": { "uv": [ 9, 1, 10, 9 ], "texture": "#texture2", "rotation": 90 }
			}
		},
		{
			"__comment": "Cube",
			"from": [ 10.25, 0, 6 ],
			"to": [ 11.25, 1, 8.5 ],
			"rotation": { "origin": [ 10.5, 0, 6 ], "axis": "x", "angle": -45 },
			"faces": {
				"up": { "uv": [ 7, 2, 9.5, 7 ], "texture": "#texture2" },
				"west": { "uv": [ 4, 3, 6, 6 ], "texture": "#texture2" },
				"east": { "uv": [ 4, 4.5, 7.5, 7 ], "texture": "#texture2" }
			}
		},
		{
			"__comment": "Cube",
			"from": [ 10.25, 2, 8 ],
			"to": [ 11.25, 3, 10.5 ],
			"rotation": { "origin": [ 10.5, 2, 8 ], "axis": "x", "angle": 45 },
			"faces": {
				"up": { "uv": [ 4.5, 2.5, 6, 7 ], "texture": "#texture2" },
				"west": { "uv": [ 3, 3, 4.5, 7.5 ], "texture": "#texture2" },
				"east": { "uv": [ 8.5, 2.5, 10, 7 ], "texture": "#texture2", "rotation": 90 }
			}
		},
		{
			"__comment": "Cube",
			"from": [ 10, 1, 7 ],
			"to": [ 11.5, 3.5, 9 ],
			"faces": {
				"up": { "uv": [ 2, 1.5, 5.5, 6.5 ], "texture": "#texture2" },
				"north": { "uv": [ 3, 2.5, 6, 8 ], "texture": "#texture2" },
				"south": { "uv": [ 8, 1.5, 10, 6 ], "texture": "#texture2" },
				"west": { "uv": [ 6, 1.5, 10, 7 ], "texture": "#texture2" },
				"east": { "uv": [ 0, 3.5, 3.5, 9 ], "texture": "#texture2" }
			}
		},
		{
			"__comment": "Cube",
			"from": [ 4.5, 1, 7 ],
			"to": [ 6, 3.5, 9 ],
			"faces": {
				"up": { "uv": [ 6.5, 3, 10, 7.5 ], "texture": "#texture2", "rotation": 90 },
				"north": { "uv": [ 3, 2.5, 5.5, 6 ], "texture": "#texture2", "rotation": 180 },
				"south": { "uv": [ 3, 2.5, 5.5, 6 ], "texture": "#texture2" },
				"west": { "uv": [ 0, 1.5, 3, 6.5 ], "texture": "#texture2" },
				"east": { "uv": [ 6, 3, 9, 8.5 ], "texture": "#texture2" }
			}
		},
		{
			"__comment": "Cube",
			"from": [ 4.75, 0, 6 ],
			"to": [ 5.75, 1, 8.5 ],
			"rotation": { "origin": [ 5, 0, 6 ], "axis": "x", "angle": -45 },
			"faces": {
				"up": { "uv": [ 4, 5.5, 6, 8.5 ], "texture": "#texture2" },
				"west": { "uv": [ 3, 4.5, 6.5, 7 ], "texture": "#texture2" },
				"east": { "uv": [ 5, 2.5, 8.5, 6 ], "texture": "#texture2" }
			}
		},
		{
			"__comment": "Cube",
			"from": [ 4.75, 2, 8 ],
			"to": [ 5.75, 3, 10.5 ],
			"rotation": { "origin": [ 5, 2, 8 ], "axis": "x", "angle": 45 },
			"faces": {
				"up": { "uv": [ 3.5, 0, 5, 4 ], "texture": "#texture2" },
				"west": { "uv": [ 2, 1, 3.5, 5 ], "texture": "#texture2", "rotation": 90 },
				"east": { "uv": [ 5, 0, 6.5, 4 ], "texture": "#texture2", "rotation": 90 }
			}
		},
		{
			"__comment": "Cube",
			"from": [ 9, 2, 8 ],
			"to": [ 9.5, 2.5, 12 ],
			"rotation": { "origin": [ 9, 2, 8 ], "axis": "x", "angle": -45 },
			"faces": {
				"down": { "uv": [ 10, 0, 11, 8 ], "texture": "#texture2", "rotation": 180 },
				"up": { "uv": [ 10, 0, 11, 8 ], "texture": "#texture2" },
				"west": { "uv": [ 10, 0, 11, 8 ], "texture": "#texture2", "rotation": 270 },
				"east": { "uv": [ 10, 0, 11, 8 ], "texture": "#texture2", "rotation": 90 }
			}
		},
		{
			"__comment": "Cube",
			"from": [ 6.5, 2, 8 ],
			"to": [ 7, 2.5, 12 ],
			"rotation": { "origin": [ 6.5, 2, 8 ], "axis": "x", "angle": -45 },
			"faces": {
				"down": { "uv": [ 10, 0, 11, 8 ], "texture": "#texture2", "rotation": 180 },
				"up": { "uv": [ 10, 0, 11, 8 ], "texture": "#texture2" },
				"west": { "uv": [ 10, 0, 11, 8 ], "texture": "#texture2", "rotation": 270 },
				"east": { "uv": [ 10, 0, 11, 8 ], "texture": "#texture2", "rotation": 90 }
			}
		},
		{
			"__comment": "Cube",
			"from": [ 4, 2, 7.5 ],
			"to": [ 12, 3, 8.5 ],
			"rotation": { "origin": [ 4, 2.5, 8 ], "axis": "x", "angle": 45 },
			"faces": {
				"down": { "uv": [ 13, 0, 15, 8 ], "texture": "#texture2", "rotation": 90 },
				"up": { "uv": [ 13, 0, 15, 8 ], "texture": "#texture2", "rotation": 270 },
				"north": { "uv": [ 13, 0, 15, 8 ], "texture": "#texture2", "rotation": 270 },
				"south": { "uv": [ 13, 0, 15, 8 ], "texture": "#texture2", "rotation": 270 },
				"west": { "uv": [ 11, 0, 13, 2 ], "texture": "#texture2" },
				"east": { "uv": [ 11, 0, 13, 2 ], "texture": "#texture2", "rotation": 180 }
			}
		},
		{
			"__comment": "Cube",
			"from": [ 3.5, 5.2525, 10.2525 ],
			"to": [ 12.5, 6.7525, 11.7525 ],
			"rotation": { "origin": [ 3.5, 5.5, 10.5 ], "axis": "x", "angle": 45 },
			"faces": {
				"down": { "uv": [ 13, 0, 15, 8 ], "texture": "#texture2", "rotation": 90 },
				"up": { "uv": [ 13, 0, 15, 8 ], "texture": "#texture2", "rotation": 270 },
				"north": { "uv": [ 13, 0, 15, 8 ], "texture": "#texture2", "rotation": 270 },
				"south": { "uv": [ 13, 0, 15, 8 ], "texture": "#texture2", "rotation": 270 },
				"west": { "uv": [ 11, 0, 13, 2 ], "texture": "#texture2" },
				"east": { "uv": [ 11, 0, 13, 2 ], "texture": "#texture2", "rotation": 180 }
			}
		},
		{
			"__comment": "Cube",
			"from": [ 6.5, 1, 5.5 ],
			"to": [ 7.5, 1.5, 6.5 ],
			"shade": false,
			"faces": {
				"up": { "uv": [ 9, 9, 10, 10 ], "texture": "#texture2" },
				"north": { "uv": [ 9, 9, 10, 9.5 ], "texture": "#texture2" },
				"south": { "uv": [ 9, 9, 10, 9.5 ], "texture": "#texture2" },
				"west": { "uv": [ 9, 9, 10, 9.5 ], "texture": "#texture2" },
				"east": { "uv": [ 9, 9, 10, 9.5 ], "texture": "#texture2" }
			}
		}
	]
}