{
	"__comment": "Designed by HanFox with BDcraft Cubik PRO 0.96 Beta - http://bdcraft.net",
	"gui_light": "front",
	"display": {
		"firstperson_righthand": {
			"rotation": [ -25, -165, 0 ],
			"translation": [ 3, -3, 0 ],
			"scale": [ 0.5, 0.5, 0.5 ]
		},
		"thirdperson_righthand": {
			"rotation": [ 0, 180, 0 ],
			"translation": [ 0, -2.5, -2 ],
			"scale": [ 0.5, 0.5, 0.5 ]
		},
		"ground": {
			"rotation": [ 0, 0, 0 ],
			"translation": [ 0, 2, 0 ],
			"scale": [ 0.25, 0.25, 0.25 ]
		},
		"gui": {
			"rotation": [ 0, 90, 0 ],
			"translation": [ 0, -4, 0 ],
			"scale": [ 0.5, 0.5, 0.5 ]
		},
		"fixed": {
			"rotation": [ 0, -90, 0 ],
			"translation": [ 0, -4, 0.5 ],
			"scale": [ 0.5, 0.5, 0.5 ]
		}	
	}
}