{
	"__comment": "Designed by Eskimojo14 with Cubik Studio - https://cubik.studio",
	"parent": "block/thin_block",
	"ambientocclusion": false,
	"textures": {
		"particle": "block/spruce_trapdoor",
		"overlay": "block/_bdc/iron_trapdoor_overlay",
		"trapdoor": "block/spruce_trapdoor",
		"side": "block/_bdc/spruce_trapdoor_side"
	},
	"elements": [ 	 
		{
			"__comment": "Ring1",
			"from": [ 6.5, 13.45, 0.5 ],
			"to": [ 9.5, 16.55, 4 ],
			"faces": {
				"down": { "uv": [ 3, 4, 0, 0 ], "texture": "#overlay" },
				"up": { "uv": [ 0, 0, 3, 4 ], "texture": "#overlay", "cullface": "up" },
				"north": { "uv": [ 0, 0, 0.5, 4 ], "texture": "#overlay" },
				"south": { "uv": [ 2, 14, 4, 16 ], "texture": "#overlay" },
				"west": { "uv": [ 0, 0, 2, 0.5 ], "texture": "#overlay" },
				"east": { "uv": [ 2.5, 3.5, 3, 4 ], "texture": "#overlay" }
			}
		},
		{
			"__comment": "RingT",
			"from": [ 4, 16.475, 2 ],
			"to": [ 12, 16.5375, 10 ],
			"faces": {
				"up": { "uv": [ 0, 5, 8, 13 ], "texture": "#overlay", "cullface": "up" }
			}
		},
		{
			"__comment": "Ring2",
			"from": [ 7, 13.45, 7 ],
			"to": [ 9, 16.55, 9.5 ],
			"faces": {
				"down": { "uv": [ 5, 12.5, 3, 10 ], "texture": "#overlay" },
				"up": { "uv": [ 3, 10, 5, 12.5 ], "texture": "#overlay", "cullface": "up" },
				"north": { "uv": [ 4.5, 10, 5, 12.5 ], "texture": "#overlay" },
				"south": { "uv": [ 3, 10, 5, 12.5 ], "texture": "#overlay" },
				"west": { "uv": [ 4.5, 12, 5, 12.5 ], "texture": "#overlay" },
				"east": { "uv": [ 4.5, 12, 5, 12.5 ], "texture": "#overlay" }
			}
		},
		{
			"__comment": "RingB",
			"from": [ 4, 13.465, 2 ],
			"to": [ 12, 13.5275, 10 ],
			"faces": {
				"down": { "uv": [ 8, 13, 0, 5 ], "texture": "#overlay" }
			}
		},
		{
			"__comment": "Element",
			"from": [ 0, 14, 0 ],
			"to": [ 16, 16, 16 ],
			"shade": false,
			"faces": {
				"down": { "uv": [ 16, 16, 0, 0 ], "texture": "#trapdoor" },
				"up": { "uv": [ 0, 0, 16, 16 ], "texture": "#trapdoor", "cullface": "up" },
				"west": { "uv": [ 0, 5, 16, 7 ], "texture": "#side", "cullface": "west" },
				"east": { "uv": [ 0, 5, 16, 7 ], "texture": "#side", "cullface": "east" }
			}
		},
		{
			"__comment": "Element",
			"from": [ 10, 13.5, 0 ],
			"to": [ 14, 16.5, 16 ],
			"shade": false,
			"faces": {
				"down": { "uv": [ 6, 16, 2, 0 ], "texture": "#trapdoor" },
				"up": { "uv": [ 10, 0, 14, 16 ], "texture": "#trapdoor", "cullface": "up" },
				"west": { "uv": [ 0, 8.5, 16, 11.5 ], "texture": "#side" },
				"east": { "uv": [ 0, 8.5, 16, 11.5 ], "texture": "#side" }
			}
		},
		{
			"__comment": "Element",
			"from": [ 2, 13.5, 0 ],
			"to": [ 6, 16.5, 16 ],
			"shade": false,
			"faces": {
				"down": { "uv": [ 14, 16, 10, 0 ], "texture": "#trapdoor" },
				"up": { "uv": [ 2, 0, 6, 16 ], "texture": "#trapdoor", "cullface": "up" },
				"west": { "uv": [ 0, 8.5, 16, 11.5 ], "texture": "#side" },
				"east": { "uv": [ 0, 8.5, 16, 11.5 ], "texture": "#side" }
			}
		},
		{
			"__comment": "Element",
			"from": [ 0, 13.5, 0 ],
			"to": [ 16, 16.5, 16 ],
			"shade": false,
			"faces": {
				"north": { "uv": [ 0, 12.5, 16, 15.5 ], "texture": "#side", "cullface": "north" },
				"south": { "uv": [ 0, 12.5, 16, 15.5 ], "texture": "#side", "cullface": "south" }
			}
		}
	]
}