{
	"__comment": "Designed by the resident Inuit with BDcraft Cubik PRO 0.95 Beta - http://bdcraft.net",
	"textures": {
		"particle": "block/smooth_stone",
		"texture": "block/_bdc/switches"
	},
	"elements": [ 	 
		{
			"__comment": "Element",
			"from": [ 5, 0, 6 ],
			"to": [ 11, 1, 10 ],
			"faces": {
				"down": { "uv": [ 10, 10, 16, 14 ], "texture": "#texture" },
				"up": { "uv": [ 10, 10, 16, 14 ], "texture": "#texture", "rotation": 180 },
				"north": { "uv": [ 10, 13, 6, 12 ], "texture": "#texture", "rotation": 180 },
				"south": { "uv": [ 6, 13, 10, 14 ], "texture": "#texture", "rotation": 180 },
				"west": { "uv": [ 6, 13, 10, 12 ], "texture": "#texture", "rotation": 180 },
				"east": { "uv": [ 10, 13, 6, 14 ], "texture": "#texture", "rotation": 180 }
			}
		}
	]
}