{
	"__comment": "Designed by Sphax with BDcraft Cubik PRO 0.76 Beta - http://bdcraft.net",
	"ambientocclusion": false,
	"textures": {
		"particle": "block/jungle_door_bottom",
		"bottom": "block/jungle_door_bottom"
	},
	"elements": [ 	 
		{
			"from": [ -0.25, 15.5, 2.25 ],
			"to": [ 3.25, 16, 3.75 ],
			"faces": {
				"down": { "uv": [ 12.25, 0, 13.75, 0 ], "texture": "#bottom" },
				"north": { "uv": [ 12.25, 0, 13.75, 0 ], "texture": "#bottom" },
				"south": { "uv": [ 12.25, 0, 13.75, 0 ], "texture": "#bottom" },
				"west": { "uv": [ 12.25, 0, 13.75, 0 ], "texture": "#bottom" },
				"east": { "uv": [ 13.75, 0, 12.25, 0 ], "texture": "#bottom" }
			}
		},
		{
			"from": [ 0, 15, 14 ],
			"to": [ 3, 16, 16 ],
			"faces": {
				"down": { "uv": [ 0, 0.5, 2, 1 ], "texture": "#bottom" },
				"north": { "uv": [ 1.5, 0, 2, 1 ], "texture": "#bottom" },
				"south": { "uv": [ 0, 0, 0.5, 1 ], "texture": "#bottom" },
				"west": { "uv": [ 2, 0, 0, 1 ], "texture": "#bottom" },
				"east": { "uv": [ 0, 0, 2, 1 ], "texture": "#bottom" }
			}
		},
		{
			"from": [ 0, 4, 14 ],
			"to": [ 3, 6, 16 ],
			"faces": {
				"down": { "uv": [ 0, 11.5, 2, 12 ], "texture": "#bottom" },
				"up": { "uv": [ 0, 10, 2, 10.5 ], "texture": "#bottom" },
				"north": { "uv": [ 1.5, 10, 2, 12 ], "texture": "#bottom" },
				"south": { "uv": [ 0, 10, 0.5, 12 ], "texture": "#bottom" },
				"west": { "uv": [ 2, 10, 0, 12 ], "texture": "#bottom" },
				"east": { "uv": [ 0, 10, 2, 12 ], "texture": "#bottom" }
			}
		},
		{
			"from": [ 0, 13, 1 ],
			"to": [ 3, 14, 5 ],
			"faces": {
				"down": { "uv": [ 15.5, 0, 16, 2 ], "texture": "#bottom" },
				"up": { "uv": [ 10, 0, 10.5, 2 ], "texture": "#bottom" },
				"north": { "uv": [ 10, 0, 10.5, 2 ], "texture": "#bottom" },
				"south": { "uv": [ 15.5, 0, 16, 2 ], "texture": "#bottom" },
				"west": { "uv": [ 11, 2, 15, 3 ], "texture": "#bottom" },
				"east": { "uv": [ 15, 2, 11, 3 ], "texture": "#bottom" }
			}
		},
		{
			"from": [ 0, 14, 4 ],
			"to": [ 3, 16, 5 ],
			"faces": {
				"north": { "uv": [ 10, 0, 10.5, 2 ], "texture": "#bottom" },
				"south": { "uv": [ 15.5, 0, 16, 2 ], "texture": "#bottom" },
				"west": { "uv": [ 14, 0, 15, 2 ], "texture": "#bottom" },
				"east": { "uv": [ 15, 0, 14, 2 ], "texture": "#bottom" }
			}
		},
		{
			"from": [ 0, 14, 1 ],
			"to": [ 3, 16, 2 ],
			"faces": {
				"north": { "uv": [ 10, 0, 10.5, 2 ], "texture": "#bottom" },
				"south": { "uv": [ 15.5, 0, 16, 2 ], "texture": "#bottom" },
				"west": { "uv": [ 11, 0, 12, 2 ], "texture": "#bottom" },
				"east": { "uv": [ 12, 0, 11, 2 ], "texture": "#bottom" }
			}
		},
		{
			"from": [ 0, 0, 0 ],
			"to": [ 3, 2, 16 ],
			"faces": {
				"down": { "uv": [ 0, 16, 16, 14 ], "texture": "#bottom", "rotation": 90 },
				"up": { "uv": [ 0, 14, 16, 16 ], "texture": "#bottom", "rotation": 90 },
				"north": { "uv": [ 9.5, 10, 13.5, 10.5 ], "texture": "#bottom", "rotation": 180 },
				"south": { "uv": [ 0, 14, 0.5, 16 ], "texture": "#bottom" },
				"west": { "uv": [ 0, 14, 16, 16 ], "texture": "#bottom" },
				"east": { "uv": [ 0, 14, 16, 16 ], "texture": "#bottom" }
			}
		},
		{
			"from": [ 0, 8, 0 ],
			"to": [ 3, 10, 16 ],
			"faces": {
				"down": { "uv": [ 0, 6, 16, 8 ], "texture": "#bottom", "rotation": 90 },
				"up": { "uv": [ 0, 6, 16, 8 ], "texture": "#bottom", "rotation": 90 },
				"north": { "uv": [ 9.5, 10, 13.5, 10.5 ], "texture": "#bottom", "rotation": 180 },
				"south": { "uv": [ 0, 6, 0.5, 8 ], "texture": "#bottom" },
				"west": { "uv": [ 0, 6, 16, 8 ], "texture": "#bottom" },
				"east": { "uv": [ 0, 6, 16, 8 ], "texture": "#bottom" }
			}
		},
		{
			"from": [ 0.5, 0, 0 ],
			"to": [ 2.5, 16, 16 ],
			"faces": {
				"north": { "uv": [ 13, 10, 10, 10.5 ], "texture": "#bottom" },
				"south": { "uv": [ 0, 0, 0.5, 16 ], "texture": "#bottom" },
				"west": { "uv": [ 16, 0, 0, 16 ], "texture": "#bottom" },
				"east": { "uv": [ 0, 0, 16, 16 ], "texture": "#bottom" }
			}
		}
	]
}