{
	"__comment": "Designed by Sphax with BDcraft Cubik PRO 0.75 Beta - http://bdcraft.net",
	"parent": "block/block",
	"ambientocclusion": false,
	"textures": {
		"particle": "block/torch",
		"torch": "block/torch",
		"iron": "block/iron_bars"
	},
	"elements": [
		{
			"__comment": "attach",
			"from": [ 0, 7.5, 6.5 ],
			"to": [ 4, 9, 7 ],
			"faces": {
				"down": { "uv": [ 1.5, 8, 2, 8.5 ], "texture": "#iron" },
				"up": { "uv": [ 0, 7, 0.5, 7.5 ], "texture": "#iron" },
				"north": { "uv": [ 0, 7, 2, 8.5 ], "texture": "#iron" },
				"south": { "uv": [ 0, 7, 2, 8.5 ], "texture": "#iron" },
				"east": { "uv": [ 0, 7, 2, 8.5 ], "texture": "#iron" }
			}
		},
		{
			"__comment": "attach",
			"from": [ 0, 7.5, 9 ],
			"to": [ 4, 9, 9.5 ],
			"faces": {
				"down": { "uv": [ 1.5, 8, 2, 8.5 ], "texture": "#iron" },
				"up": { "uv": [ 0, 7, 0.5, 7.5 ], "texture": "#iron" },
				"north": { "uv": [ 0, 7, 2, 8.5 ], "texture": "#iron" },
				"south": { "uv": [ 0, 7, 2, 8.5 ], "texture": "#iron" },
				"east": { "uv": [ 0, 7, 2, 8.5 ], "texture": "#iron" }
			}
		},
		{
			"__comment": "attach",
			"from": [ 3.5, 7.5, 7 ],
			"to": [ 4, 9, 9 ],
			"faces": {
				"down": { "uv": [ 1.5, 8, 2, 8.5 ], "texture": "#iron" },
				"up": { "uv": [ 0, 7, 0.5, 7.5 ], "texture": "#iron" },
				"west": { "uv": [ 0, 7, 2, 8.5 ], "texture": "#iron", "cullface": "west" },
				"east": { "uv": [ 0, 7, 2, 8.5 ], "texture": "#iron" }
			}
		},
		{
			"__comment": "base",
			"from": [ 0, 3, 6.75 ],
			"to": [ 1.75, 4, 9.25 ],
			"faces": {
				"down": { "uv": [ 1.5, 8.5, 2, 9 ], "texture": "#iron" },
				"up": { "uv": [ 0, 7, 0.5, 7.5 ], "texture": "#iron" },
				"north": { "uv": [ 0, 7, 2, 8.5 ], "texture": "#iron" },
				"south": { "uv": [ 0, 7, 2, 8.5 ], "texture": "#iron" },
				"east": { "uv": [ 0, 7, 2, 8.5 ], "texture": "#iron" }
			}
		},
		{
			"__comment": "stick*",
			"from": [ 4, 3.5, 7.25 ],
			"to": [ 5.5, 14.5, 8.75 ],
			"rotation": { "origin": [ 4, 14.5, 7.25 ], "axis": "z", "angle": -22.5 },
			"faces": {
				"up": { "uv": [ 7, 3, 9, 4.75 ], "texture": "#torch" },
				"north": { "uv": [ 7.25, 5, 8.75, 16 ], "texture": "#torch" },
				"south": { "uv": [ 7.25, 5, 8.75, 16 ], "texture": "#torch" },
				"west": { "uv": [ 7.25, 5, 8.75, 16 ], "texture": "#torch" },
				"east": { "uv": [ 7.25, 5, 8.75, 16 ], "texture": "#torch" }
			}
		},
		{
			"__comment": "torch*",
			"from": [ 3.25, 10.25, 6.75 ],
			"to": [ 5.75, 14.25, 9.25 ],
			"rotation": { "origin": [ 3.25, 14.25, 6.75 ], "axis": "z", "angle": -22.5 },
			"shade": false,
			"faces": {
				"down": { "uv": [ 6.5, 9.5, 9.5, 6.5 ], "texture": "#torch", "cullface": "down" },
				"up": { "uv": [ 6.5, 5.5, 9.5, 8.5 ], "texture": "#torch" },
				"north": { "uv": [ 6.5, 5.5, 9.5, 9.5 ], "texture": "#torch" },
				"south": { "uv": [ 6.5, 5.5, 9.5, 9.5 ], "texture": "#torch" },
				"west": { "uv": [ 9.5, 5.5, 6.5, 9.5 ], "texture": "#torch" },
				"east": { "uv": [ 9.5, 5.5, 6.5, 9.5 ], "texture": "#torch" }
			}
		}
	]
}