{
	"__comment": "Designed by HanFox with Cubik Studio - http://bdcraft.net",
	"parent": "block/block",
	"textures": {
		"particle": "blocks/brewing_stand",
		"base": "blocks/brewing_stand_base",
		"stand": "blocks/brewing_stand"
	},
	"elements": [
		{
			"from": [ 7, 0, 7 ],
			"to": [ 9, 14, 9 ],
			"faces": {
				"down": { "uv": [ 7, 7, 9, 9 ], "texture": "#stand" },
				"up": { "uv": [ 7, 7, 9, 9 ], "texture": "#stand" },
				"north": { "uv": [ 7, 2, 9, 16 ], "texture": "#stand" },
				"south": { "uv": [ 7, 2, 9, 16 ], "texture": "#stand" },
				"west": { "uv": [ 7, 2, 9, 16 ], "texture": "#stand" },
				"east": { "uv": [ 7, 2, 9, 16 ], "texture": "#stand" }
			}
		},
		{
			"from": [ 9, 0, 5 ],
			"to": [ 15, 2, 11 ],
			"faces": {
				"down": { "uv": [ 9, 5, 15, 11 ], "texture": "#base" },
				"up": { "uv": [ 9, 5, 15, 11 ], "texture": "#base" },
				"north": { "uv": [ 9, 14, 15, 16 ], "texture": "#base" },
				"south": { "uv": [ 9, 14, 15, 16 ], "texture": "#base" },
				"west": { "uv": [ 9, 14, 15, 16 ], "texture": "#base" },
				"east": { "uv": [ 9, 14, 15, 16 ], "texture": "#base" }
			}
		},
		{
			"from": [ 2, 0, 1 ],
			"to": [ 8, 2, 7 ],
			"faces": {
				"down": { "uv": [ 2, 1, 8, 7 ], "texture": "#base" },
				"up": { "uv": [ 2, 1, 8, 7 ], "texture": "#base" },
				"north": { "uv": [ 9, 14, 15, 16 ], "texture": "#base" },
				"south": { "uv": [ 9, 14, 15, 16 ], "texture": "#base" },
				"west": { "uv": [ 9, 14, 15, 16 ], "texture": "#base" },
				"east": { "uv": [ 9, 14, 15, 16 ], "texture": "#base" }
			}
		},
		{
			"from": [ 2, 0, 9 ],
			"to": [ 8, 2, 15 ],
			"faces": {
				"down": { "uv": [ 2, 9, 8, 15 ], "texture": "#base" },
				"up": { "uv": [ 2, 9, 8, 15 ], "texture": "#base" },
				"north": { "uv": [ 9, 14, 15, 16 ], "texture": "#base" },
				"south": { "uv": [ 9, 14, 15, 16 ], "texture": "#base" },
				"west": { "uv": [ 9, 14, 15, 16 ], "texture": "#base" },
				"east": { "uv": [ 9, 14, 15, 16 ], "texture": "#base" }
			}
		},
		{
			"from": [ 8, 0, 8 ],
			"to": [ 16, 16, 8.001 ],
			"faces": {
				"north": { "uv": [ 16, 0, 8, 16 ], "texture": "#stand" },
				"south": { "uv": [ 8, 0, 16, 16 ], "texture": "#stand" }
			}
		},
		{
			"from": [ 0, 0, 7.9981 ],
			"to": [ 8, 16, 7.9991 ],
			"rotation": { "origin": [ 8, 8, 8 ], "axis": "y", "angle": 45, "rescale": true },
			"faces": {
				"north": { "uv": [ 8, 0, 16, 16 ], "texture": "#stand" },
				"south": { "uv": [ 16, 0, 8, 16 ], "texture": "#stand" }
			}
		},
		{
			"from": [ 0, 0, 8.0019 ],
			"to": [ 8, 16, 8.0029 ],
			"rotation": { "origin": [ 8, 8, 8 ], "axis": "y", "angle": -45, "rescale": true },
			"faces": {
				"north": { "uv": [ 8, 0, 16, 16 ], "texture": "#stand" },
				"south": { "uv": [ 16, 0, 8, 16 ], "texture": "#stand" }
			}
		}
	],
	"display": {
		"thirdperson_righthand": {
			"rotation":  [ 75, 45, 0 ],
			"translation":  [ 0, 2.5, 2.5 ],
			"scale":  [ 0.375, 0.375, 0.375 ]
		},
		"firstperson_righthand": {
			"rotation":  [ 0, 45, 0 ],
			"translation":  [ 0, 2.5, 0 ],
			"scale":  [ 0.4, 0.4, 0.4 ]
		}
	}
}