{
"__comment": "Designed by Sphax with BDcraft Cubik PRO 0.76 Beta - http://bdcraft.net",
"parent": "item/bdc_door",
"textures": {
    "particle": "blocks/door_dark_oak_lower",
    "bottom": "blocks/door_dark_oak_lower",
    "top": "blocks/door_dark_oak_upper"
},
"elements": [ 
{
    "from": [ 7, 2, 0 ],
    "to": [ 9, 15, 2 ],
    "faces": {
        "north": { "uv": [ 0, 1, 0.5, 14 ], "texture": "#bottom" },
        "south": { "uv": [ 1.5, 1, 2, 14 ], "texture": "#bottom" },
        "west":  { "uv": [ 0, 1, 2, 14 ], "texture": "#bottom" },
        "east":  { "uv": [ 2, 1, 0, 14 ], "texture": "#bottom" }
    }
},
{
    "from": [ 7, 15, 0 ],
    "to": [ 9, 16, 16 ],
    "faces": {
        "down":  { "uv": [ 2.5, 13.5, 6.5, 14 ], "texture": "#bottom" },
        "north": { "uv": [ 0, 0, 0.5, 1 ], "texture": "#bottom" },
        "south": { "uv": [ 14, 0, 16, 1 ], "texture": "#bottom" },
        "west":  { "uv": [ 0, 0, 16, 1 ], "texture": "#bottom" },
        "east":  { "uv": [ 16, 0, 0, 1 ], "texture": "#bottom" }
    }
},
{
    "from": [ 7, 0, 0 ],
    "to": [ 9, 2, 16 ],
    "faces": {
        "down":  { "uv": [ 14, 0, 16, 1 ], "texture": "#bottom" },
        "up":    { "uv": [ 2.5, 13.5, 6.5, 14 ], "texture": "#bottom" },
        "north": { "uv": [ 0, 14, 0.5, 16 ], "texture": "#bottom" },
        "south": { "uv": [ 14, 0, 16, 1 ], "texture": "#bottom" },
        "west":  { "uv": [ 0, 14, 16, 16 ], "texture": "#bottom" },
        "east":  { "uv": [ 16, 14, 0, 16 ], "texture": "#bottom" }
    }
},
{
    "from": [ 7, 2, 7 ],
    "to": [ 9, 15, 9 ],
    "faces": {
        "north": { "uv": [ 6.5, 1, 7, 14 ], "texture": "#bottom" },
        "south": { "uv": [ 6.5, 1, 7, 14 ], "texture": "#bottom" },
        "west":  { "uv": [ 7, 1, 9, 14 ], "texture": "#bottom" },
        "east":  { "uv": [ 9, 1, 7, 14 ], "texture": "#bottom" }
    }
},
{
    "from": [ 7, 2, 14 ],
    "to": [ 9, 15, 16 ],
    "faces": {
        "north": { "uv": [ 6.5, 1, 7, 14 ], "texture": "#bottom" },
        "south": { "uv": [ 14, 0, 16, 1 ], "texture": "#bottom" },
        "west":  { "uv": [ 14, 1, 16, 14 ], "texture": "#bottom" },
        "east":  { "uv": [ 16, 1, 14, 14 ], "texture": "#bottom" }
    }
},
{
    "from": [ 7.5, 2, 2 ],
    "to": [ 8.5, 15, 7 ],
    "faces": {
        "west":  { "uv": [ 2, 1, 7, 14 ], "texture": "#bottom" },
        "east":  { "uv": [ 7, 1, 2, 14 ], "texture": "#bottom" }
    }
},
{
    "from": [ 7.5, 2, 9 ],
    "to": [ 8.5, 11, 14 ],
    "faces": {
        "west":  { "uv": [ 9, 5, 14, 14 ], "texture": "#bottom" },
        "east":  { "uv": [ 14, 5, 9, 14 ], "texture": "#bottom" }
    }
},
{
    "from": [ 7, 16, 0 ],
    "to": [ 9, 17, 16 ],
    "faces": {
        "up":    { "uv": [ 2.5, 14.5, 6.5, 15 ], "texture": "#top" },
        "north": { "uv": [ 0, 15, 0.5, 16 ], "texture": "#top" },
        "south": { "uv": [ 14, 2, 16, 3 ], "texture": "#top" },
        "west":  { "uv": [ 0, 15, 16, 16 ], "texture": "#top" },
        "east":  { "uv": [ 16, 15, 0, 16 ], "texture": "#top" }
    }
},
{
    "from": [ 7, 17, 0 ],
    "to": [ 9, 30, 2 ],
    "faces": {
        "north": { "uv": [ 0, 2, 0.5, 15 ], "texture": "#top" },
        "south": { "uv": [ 1.5, 2, 2, 15 ], "texture": "#top" },
        "west":  { "uv": [ 0, 2, 2, 15 ], "texture": "#top" },
        "east":  { "uv": [ 2, 2, 0, 15 ], "texture": "#top" }
    }
},
{
    "from": [ 7, 30, 0 ],
    "to": [ 9, 32, 16 ],
    "faces": {
        "down":  { "uv": [ 0, 0, 16, 0.5 ], "texture": "#top" },
        "up":    { "uv": [ 14, 2, 16, 3.5 ], "texture": "#top" },
        "north": { "uv": [ 0, 0, 0.5, 2 ], "texture": "#top" },
        "south": { "uv": [ 14, 10.5, 16, 11.5 ], "texture": "#top" },
        "west":  { "uv": [ 0, 0, 16, 2 ], "texture": "#top" },
        "east":  { "uv": [ 16, 0, 0, 2 ], "texture": "#top" }
    }
},
{
    "from": [ 7, 17, 14 ],
    "to": [ 9, 30, 16 ],
    "faces": {
        "north": { "uv": [ 6.5, 2, 7, 15 ], "texture": "#top" },
        "south": { "uv": [ 14, 15, 16, 16 ], "texture": "#top" },
        "west":  { "uv": [ 14, 2, 16, 15 ], "texture": "#top" },
        "east":  { "uv": [ 16, 2, 14, 15 ], "texture": "#top" }
    }
},
{
    "from": [ 7, 17, 7 ],
    "to": [ 9, 30, 9 ],
    "faces": {
        "north": { "uv": [ 6.5, 2, 7, 15 ], "texture": "#top" },
        "south": { "uv": [ 6.5, 2, 7, 15 ], "texture": "#top" },
        "west":  { "uv": [ 7, 2, 9, 15 ], "texture": "#top" },
        "east":  { "uv": [ 9, 2, 7, 15 ], "texture": "#top" }
    }
},
{
    "from": [ 7.5, 17, 2 ],
    "to": [ 8.5, 30, 7 ],
    "faces": {
        "west":  { "uv": [ 2, 2, 7, 15 ], "texture": "#top" },
        "east":  { "uv": [ 7, 2, 2, 15 ], "texture": "#top" }
    }
},
{
    "from": [ 7.5, 20, 9 ],
    "to": [ 8.5, 30, 14 ],
    "faces": {
        "west":  { "uv": [ 9, 2, 14, 12 ], "texture": "#top" },
        "east":  { "uv": [ 14, 2, 9, 12 ], "texture": "#top" }
    }
},
{
    "from": [ 6, 18, 12 ],
    "to": [ 7, 19, 15 ],
    "faces": {
        "down":  { "uv": [ 15, 13, 12, 14 ], "rotation": 270, "texture": "#top" },
        "up":    { "uv": [ 12, 13, 15, 14 ], "rotation": 270, "texture": "#top" },
        "north": { "uv": [ 13, 14, 12, 15 ], "texture": "#top" },
        "south": { "uv": [ 15, 13, 14, 14 ], "texture": "#top" },
        "west":  { "uv": [ 12, 13, 15, 14 ], "texture": "#top" },
        "east":  { "uv": [ 15, 13, 12, 14 ], "texture": "#top" }
    }
},
{
    "from": [ 6, 13, 12 ],
    "to": [ 7, 18, 13 ],
    "faces": {
        "north": { "uv": [ 13, 14, 12, 16 ], "texture": "#top" },
        "south": { "uv": [ 12, 14, 13, 15 ], "texture": "#top" },
        "west":  { "uv": [ 12, 14, 13, 16 ], "texture": "#top" },
        "east":  { "uv": [ 13, 14, 12, 16 ], "texture": "#top" }
    }
},
{
    "from": [ 6, 12, 12 ],
    "to": [ 7, 13, 15 ],
    "faces": {
        "down":  { "uv": [ 15, 13, 12, 14 ], "rotation": 270, "texture": "#top" },
        "up":    { "uv": [ 12, 13, 15, 14 ], "rotation": 270, "texture": "#top" },
        "north": { "uv": [ 13, 2, 12, 3 ], "texture": "#bottom" },
        "south": { "uv": [ 15, 3, 14, 4 ], "texture": "#bottom" },
        "west":  { "uv": [ 12, 3, 15, 4 ], "texture": "#bottom" },
        "east":  { "uv": [ 15, 3, 12, 4 ], "texture": "#bottom" }
    }
},
{
    "from": [ 7.5, 17, 9 ],
    "to": [ 8.5, 20, 14 ],
    "faces": {
        "west":  { "uv": [ 2, 12, 7, 15 ], "texture": "#top" },
        "east":  { "uv": [ 7, 12, 2, 15 ], "texture": "#top" }
    }
},
{
    "from": [ 7.5, 11, 9 ],
    "to": [ 8.5, 15, 14 ],
    "faces": {
        "west":  { "uv": [ 2, 1, 7, 5 ], "texture": "#bottom" },
        "east":  { "uv": [ 7, 1, 2, 5 ], "texture": "#bottom" }
    }
},
{
    "from": [ 9, 18, 12 ],
    "to": [ 10, 19, 15 ],
    "faces": {
        "down":  { "uv": [ 15, 14, 12, 13 ], "rotation": 270, "texture": "#top" },
        "up":    { "uv": [ 12, 14, 15, 13 ], "rotation": 270, "texture": "#top" },
        "north": { "uv": [ 12, 14, 13, 15 ], "texture": "#top" },
        "south": { "uv": [ 14, 13, 15, 14 ], "texture": "#top" },
        "west":  { "uv": [ 12, 13, 15, 14 ], "texture": "#top" },
        "east":  { "uv": [ 15, 13, 12, 14 ], "texture": "#top" }
    }
},
{
    "from": [ 9, 13, 12 ],
    "to": [ 10, 18, 13 ],
    "faces": {
        "north": { "uv": [ 12, 14, 13, 16 ], "texture": "#top" },
        "south": { "uv": [ 13, 14, 12, 16 ], "texture": "#top" },
        "west":  { "uv": [ 12, 14, 13, 16 ], "texture": "#top" },
        "east":  { "uv": [ 13, 14, 12, 16 ], "texture": "#top" }
    }
},
{
    "from": [ 9, 12, 12 ],
    "to": [ 10, 13, 15 ],
    "faces": {
        "down":  { "uv": [ 15, 14, 12, 13 ], "rotation": 270, "texture": "#top" },
        "up":    { "uv": [ 12, 14, 15, 13 ], "rotation": 270, "texture": "#top" },
        "north": { "uv": [ 12, 2, 13, 3 ], "texture": "#bottom" },
        "south": { "uv": [ 14, 3, 15, 4 ], "texture": "#bottom" },
        "west":  { "uv": [ 12, 3, 15, 4 ], "texture": "#bottom" },
        "east":  { "uv": [ 15, 3, 12, 4 ], "texture": "#bottom" }
    }
},
{
    "from": [ 6.5, 4, 0 ],
    "to": [ 9.5, 6, 2 ],
    "faces": {
        "down":  { "uv": [ 0, 10, 2, 10.5 ], "texture": "#bottom" },
        "up":    { "uv": [ 0, 10, 2, 10.5 ], "texture": "#bottom" },
        "north": { "uv": [ 0, 10, 0.5, 12 ], "texture": "#bottom" },
        "south": { "uv": [ 1.5, 10, 2, 12 ], "texture": "#bottom" },
        "west":  { "uv": [ 0, 10, 2, 12 ], "texture": "#bottom" },
        "east":  { "uv": [ 0, 10, 2, 12 ], "texture": "#bottom" }
    }
},
{
    "from": [ 6.5, 15, 0 ],
    "to": [ 9.5, 17, 2 ],
    "faces": {
        "down":  { "uv": [ 0, 10, 2, 10.5 ], "texture": "#bottom" },
        "up":    { "uv": [ 0, 10, 2, 10.5 ], "texture": "#bottom" },
        "north": { "uv": [ 0, 10, 0.5, 12 ], "texture": "#bottom" },
        "south": { "uv": [ 1.5, 10, 2, 12 ], "texture": "#bottom" },
        "west":  { "uv": [ 0, 10, 2, 12 ], "texture": "#bottom" },
        "east":  { "uv": [ 0, 10, 2, 12 ], "texture": "#bottom" }
    }
},
{
    "from": [ 6.5, 26, 0 ],
    "to": [ 9.5, 28, 2 ],
    "faces": {
        "down":  { "uv": [ 0, 10, 2, 10.5 ], "texture": "#bottom" },
        "up":    { "uv": [ 0, 10, 2, 10.5 ], "texture": "#bottom" },
        "north": { "uv": [ 0, 10, 0.5, 12 ], "texture": "#bottom" },
        "south": { "uv": [ 1.5, 10, 2, 12 ], "texture": "#bottom" },
        "west":  { "uv": [ 0, 10, 2, 12 ], "texture": "#bottom" },
        "east":  { "uv": [ 0, 10, 2, 12 ], "texture": "#bottom" }
    }
}
]
}