{
	"__comment": "Designed by MickeyJoe with BDcraft Cubik PRO 0.96 Beta - http://bdcraft.net",
	"textures": {
		"particle": "items/end_crystal",
		"texture": "items/end_crystal"
	},
	"elements": [ 
	{
		"from": [ 3, 3, 3 ],
		"to": [ 13, 13, 13 ],
		"faces": {
			"down":  { "uv": [ 8, 8, 12, 12 ], "texture": "#texture" },
			"up":    { "uv": [ 4, 8, 8, 12 ], "texture": "#texture" },
			"north": { "uv": [ 0, 12, 4, 16 ], "texture": "#texture" },
			"south": { "uv": [ 4, 12, 8, 16 ], "texture": "#texture" },
			"west":  { "uv": [ 8, 12, 12, 16 ], "texture": "#texture" },
			"east":  { "uv": [ 12, 12, 16, 16 ], "texture": "#texture" }
		}
	},
	{
		"from": [ 1.5, 14.4375, 1.5 ],
		"to": [ 14.5, 14.5, 14.5 ],
		"faces": {
			"down":  { "uv": [ 4, 0, 12, 8 ], "texture": "#texture" },
			"up":    { "uv": [ 4, 0, 12, 8 ], "texture": "#texture" }
		}
	},
	{
		"from": [ 14.4375, 1.5, 1.5 ],
		"to": [ 14.5, 14.5, 14.5 ],
		"faces": {
			"west":  { "uv": [ 4, 0, 12, 8 ], "texture": "#texture" },
			"east":  { "uv": [ 4, 0, 12, 8 ], "texture": "#texture" }
		}
	},
	{
		"from": [ 1.5, 1.5, 1.5 ],
		"to": [ 1.5625, 14.5, 14.5 ],
		"faces": {
			"west":  { "uv": [ 4, 0, 12, 8 ], "texture": "#texture" },
			"east":  { "uv": [ 4, 0, 12, 8 ], "texture": "#texture" }
		}
	},
	{
		"from": [ 1.5, 1.5, 1.5 ],
		"to": [ 14.5, 1.5625, 14.5 ],
		"faces": {
			"down":  { "uv": [ 4, 0, 12, 8 ], "texture": "#texture" },
			"up":    { "uv": [ 4, 0, 12, 8 ], "texture": "#texture" }
		}
	},
	{
		"from": [ 1.5, 1.5, 14.4375 ],
		"to": [ 14.5, 14.5, 14.5 ],
		"faces": {
			"north": { "uv": [ 4, 0, 12, 8 ], "texture": "#texture" },
			"south": { "uv": [ 4, 0, 12, 8 ], "texture": "#texture" }
		}
	},
	{
		"from": [ 1.5, 1.5, 1.5 ],
		"to": [ 14.5, 14.5, 1.5625 ],
		"faces": {
			"north": { "uv": [ 4, 0, 12, 8 ], "texture": "#texture" },
			"south": { "uv": [ 4, 0, 12, 8 ], "texture": "#texture" }
		}
	}
	],
	"display": {
		"gui": {
			"rotation": [ 30, 225, 0 ],
			"translation": [ 0, 0, 0],
			"scale":[ 0.75, 0.75, 0.75 ]
		},
		"ground": {
			"rotation": [ 0, 0, 0 ],
			"translation": [ 0, 3, 0],
			"scale":[ 0.25, 0.25, 0.25 ]
		},
		"fixed": {
			"rotation": [ 0, 0, 0 ],
			"translation": [ 0, 0, 0],
			"scale":[ 0.6, 0.6, 0.6 ]
		},
		"thirdperson_righthand": {
			"rotation": [ 75, 45, 0 ],
			"translation": [ 0, 2.5, 0],
			"scale": [ 0.375, 0.375, 0.375 ]
		},
		"firstperson_righthand": {
			"rotation": [ 0, 45, 0 ],
			"translation": [ 0, 0, 0 ],
			"scale": [ 0.40, 0.40, 0.40 ]
		},
		"firstperson_lefthand": {
			"rotation": [ 0, 225, 0 ],
			"translation": [ 0, 0, 0 ],
			"scale": [ 0.40, 0.40, 0.40 ]
		}
	}
}