{
	"__comment": "Designed by Sphax for PureBDcraft - http://bdcraft.net",
	"textures": {
		"torch": "blocks/redstone_torch"
	},
	"elements": [
		{
			"from": [ 6, 11, 6 ],
			"to": [ 10, 11.001, 10 ],
			"shade": false,
			"faces": {
				"up": { "uv": [ 8, 6, 8.75, 6.75 ], "texture": "#torch" }
			}
		},
		{
			"__comment": "ironV",
			"from": [ 5.75, 7, 9.75 ],
			"to": [ 6.25, 10, 10.25 ],
			"faces": {
				"down": { "uv": [ 0, 9, 0.5, 9.5 ], "texture": "#torch" },
				"up": { "uv": [ 0.5, 9.5, 1, 10 ], "texture": "#torch" },
				"north": { "uv": [ 5, 6, 5.5, 9 ], "texture": "#torch" },
				"south": { "uv": [ 5, 6, 5.5, 9 ], "texture": "#torch" },
				"west": { "uv": [ 5, 6, 5.5, 9 ], "texture": "#torch" },
				"east": { "uv": [ 5, 6, 5.5, 9 ], "texture": "#torch" }
			}
		},
		{
			"__comment": "ironV",
			"from": [ 9.75, 7, 9.75 ],
			"to": [ 10.25, 10, 10.25 ],
			"faces": {
				"down": { "uv": [ 0, 9, 0.5, 9.5 ], "texture": "#torch" },
				"up": { "uv": [ 0.5, 9.5, 1, 10 ], "texture": "#torch" },
				"north": { "uv": [ 5, 6, 5.5, 9 ], "texture": "#torch" },
				"south": { "uv": [ 5, 6, 5.5, 9 ], "texture": "#torch" },
				"west": { "uv": [ 5, 6, 5.5, 9 ], "texture": "#torch" },
				"east": { "uv": [ 5, 6, 5.5, 9 ], "texture": "#torch" }
			}
		},
		{
			"__comment": "ironV",
			"from": [ 9.75, 7, 5.75 ],
			"to": [ 10.25, 10, 6.25 ],
			"faces": {
				"down": { "uv": [ 0, 9, 0.5, 9.5 ], "texture": "#torch" },
				"up": { "uv": [ 0.5, 9.5, 1, 10 ], "texture": "#torch" },
				"north": { "uv": [ 5, 6, 5.5, 9 ], "texture": "#torch" },
				"south": { "uv": [ 5, 6, 5.5, 9 ], "texture": "#torch" },
				"west": { "uv": [ 5, 6, 5.5, 9 ], "texture": "#torch" },
				"east": { "uv": [ 5, 6, 5.5, 9 ], "texture": "#torch" }
			}
		},
		{
			"__comment": "ironV",
			"from": [ 5.75, 7, 5.75 ],
			"to": [ 6.25, 10, 6.25 ],
			"faces": {
				"down": { "uv": [ 0, 9, 0.5, 9.5 ], "texture": "#torch" },
				"up": { "uv": [ 0.5, 9.5, 1, 10 ], "texture": "#torch" },
				"north": { "uv": [ 5, 6, 5.5, 9 ], "texture": "#torch" },
				"south": { "uv": [ 5, 6, 5.5, 9 ], "texture": "#torch" },
				"west": { "uv": [ 5, 6, 5.5, 9 ], "texture": "#torch" },
				"east": { "uv": [ 5, 6, 5.5, 9 ], "texture": "#torch" }
			}
		},
		{
			"__comment": "ironB",
			"from": [ 6.5, 2, 6.5 ],
			"to": [ 9.5, 4, 9.5 ],
			"faces": {
				"down": { "uv": [ 0, 9, 3, 12 ], "texture": "#torch" },
				"up": { "uv": [ 0, 9, 3, 12 ], "texture": "#torch" },
				"north": { "uv": [ 6, 12, 10, 14 ], "texture": "#torch" },
				"south": { "uv": [ 6, 12, 10, 14 ], "texture": "#torch" },
				"west": { "uv": [ 6, 12, 10, 14 ], "texture": "#torch" },
				"east": { "uv": [ 6, 12, 10, 14 ], "texture": "#torch" }
			}
		},
		{
			"__comment": "torch",
			"from": [ 6, 7.5, 6 ],
			"to": [ 10, 13, 10 ],
			"shade": false,
			"faces": {
				"north": { "uv": [ 6, 3, 10, 8.5 ], "texture": "#torch" },
				"south": { "uv": [ 6, 3, 10, 8.5 ], "texture": "#torch" },
				"west": { "uv": [ 6, 3, 10, 8.5 ], "texture": "#torch" },
				"east": { "uv": [ 6, 3, 10, 8.5 ], "texture": "#torch" }
			}
		},
		{
			"__comment": "iron_base",
			"from": [ 6, 6.5, 6 ],
			"to": [ 10, 7.5, 10 ],
			"faces": {
				"down": { "uv": [ 0, 9, 3, 12 ], "texture": "#torch" },
				"up": { "uv": [ 0, 13, 3, 16 ], "texture": "#torch" },
				"north": { "uv": [ 6.5, 8.5, 9.5, 9.5 ], "texture": "#torch" },
				"south": { "uv": [ 6.5, 8.5, 9.5, 9.5 ], "texture": "#torch" },
				"west": { "uv": [ 6.5, 8.5, 9.5, 9.5 ], "texture": "#torch" },
				"east": { "uv": [ 6.5, 8.5, 9.5, 9.5 ], "texture": "#torch" }
			}
		},
		{
			"__comment": "wood",
			"from": [ 7, 0, 7 ],
			"to": [ 9, 6.5, 9 ],
			"faces": {
				"down": { "uv": [ 9, 14, 11, 16 ], "texture": "#torch" },
				"north": { "uv": [ 7, 9.5, 9, 16 ], "texture": "#torch" },
				"south": { "uv": [ 7, 9.5, 9, 16 ], "texture": "#torch" },
				"west": { "uv": [ 7, 9.5, 9, 16 ], "texture": "#torch" },
				"east": { "uv": [ 7, 9.5, 9, 16 ], "texture": "#torch" }
			}
		}
	],
	"display": {
		"thirdperson_righthand": {
			"rotation":  [ 10, 145, 0 ],
			"translation":  [ -0.5, 5, 0.75 ],
			"scale":  [ 0.7, 0.7, 0.7 ]
		},
		"firstperson_righthand": {
			"rotation":  [ 0, 50, 0 ],
			"translation":  [ 5, 3, -3 ],
			"scale":  [ 0.75, 0.75, 0.75 ]
		},
		"gui": {
			"rotation":  [ 30, 225, 0 ],
			"translation":  [ 0, 2, 0 ],
			"scale":  [ 1, 1, 1 ]
		},
		"ground": {
			"translation":  [ 0, 3, 0 ],
			"scale":  [ 0.25, 0.25, 0.25 ]
		}
	}
}
