{
"__comment": "Designed by Sphax with BDcraft Cubik PRO 0.75 Beta - http://bdcraft.net",
"ambientocclusion": false,
"textures": {
    "door": "blocks/door_iron_lower",
    "door_top": "blocks/door_iron_upper"
},
"elements": [ 
{
    "from": [ 7.25, 20.5, 0 ],
    "to": [ 8.75, 24.25, 16 ],
    "faces": {
        "down":  { "uv": [ 12.5, 0, 13.75, 1 ], "texture": "#door" }
    }
},
{
    "from": [ 6.5, -3.5, 0 ],
    "to": [ 9.5, -0.5, 1.5 ],
    "faces": {
        "down":  { "uv": [ 1, 11, 1.5, 11.5 ], "texture": "#door" },
        "up":    { "uv": [ 0, 8.5, 0.5, 9 ], "texture": "#door" },
        "north": { "uv": [ 0, 8.5, 0.5, 11.5 ], "texture": "#door" },
        "south": { "uv": [ 0, 8.5, 0.5, 9 ], "texture": "#door" },
        "west":  { "uv": [ 0, 8.5, 1.5, 11.5 ], "texture": "#door" },
        "east":  { "uv": [ 0, 8.5, 1.5, 11.5 ], "texture": "#door" }
    }
},
{
    "from": [ 6.5, 16, 0 ],
    "to": [ 9.5, 19, 1.5 ],
    "faces": {
        "down":  { "uv": [ 1, 7.5, 1.5, 8 ], "texture": "#door_top" },
        "up":    { "uv": [ 0, 5, 0.5, 5.5 ], "texture": "#door_top" },
        "north": { "uv": [ 0, 5, 0.5, 8 ], "texture": "#door_top" },
        "south": { "uv": [ 0, 5, 0.5, 5.5 ], "texture": "#door_top" },
        "west":  { "uv": [ 0, 5, 1.5, 8 ], "texture": "#door_top" },
        "east":  { "uv": [ 0, 5, 1.5, 8 ], "texture": "#door_top" }
    }
},
{
    "from": [ 8.5, 8, 6 ],
    "to": [ 9.5, 21.25, 6.75 ],
    "faces": {
        "up":    { "uv": [ 6, 0, 6.75, 0.5 ], "texture": "#door" },
        "north": { "uv": [ 6.75, 2.75, 6, 16 ], "texture": "#door_top" },
        "south": { "uv": [ 6, 2.75, 6.75, 16 ], "texture": "#door_top" },
        "west":  { "uv": [ 6, 2.75, 6.75, 16 ], "texture": "#door_top" },
        "east":  { "uv": [ 6.75, 2.75, 6, 16 ], "texture": "#door_top" }
    }
},
{
    "from": [ 8.5, 8.25, 3.25 ],
    "to": [ 9.5, 9, 12.75 ],
    "faces": {
        "down":  { "uv": [ 6, 6.5, 6.75, 4.5 ], "texture": "#door_top" },
        "up":    { "uv": [ 6, 4.5, 6.75, 6.5 ], "texture": "#door_top" },
        "north": { "uv": [ 13, 15, 3.25, 15.75 ], "texture": "#door_top" },
        "south": { "uv": [ 3.25, 15, 13, 15.75 ], "texture": "#door_top" },
        "west":  { "uv": [ 3.25, 15, 12.75, 15.75 ], "texture": "#door_top" },
        "east":  { "uv": [ 12.75, 15, 3.25, 15.75 ], "texture": "#door_top" }
    }
},
{
    "from": [ 8.5, 16, 3.25 ],
    "to": [ 9.5, 16.75, 12.75 ],
    "faces": {
        "down":  { "uv": [ 6, 6.5, 6.75, 4.5 ], "texture": "#door_top" },
        "up":    { "uv": [ 6, 4.5, 6.75, 6.5 ], "texture": "#door_top" },
        "north": { "uv": [ 13, 7.25, 3.25, 8 ], "texture": "#door_top" },
        "south": { "uv": [ 3.25, 7.25, 13, 8 ], "texture": "#door_top" },
        "west":  { "uv": [ 3.25, 7.25, 12.75, 8 ], "texture": "#door_top" },
        "east":  { "uv": [ 12.75, 7.25, 3.25, 8 ], "texture": "#door_top" }
    }
},
{
    "from": [ 8.5, 8, 9.5 ],
    "to": [ 9.5, 21.25, 10.25 ],
    "faces": {
        "up":    { "uv": [ 9.5, 0, 10.25, 0.5 ], "texture": "#door" },
        "north": { "uv": [ 10.25, 2.75, 9.5, 16 ], "texture": "#door_top" },
        "south": { "uv": [ 9.5, 2.75, 10.25, 16 ], "texture": "#door_top" },
        "west":  { "uv": [ 9.5, 2.75, 10.25, 16 ], "texture": "#door_top" },
        "east":  { "uv": [ 10.25, 2.75, 9.5, 16 ], "texture": "#door_top" }
    }
},
{
    "from": [ 6.5, 8.25, 3.25 ],
    "to": [ 7.5, 9, 12.75 ],
    "faces": {
        "down":  { "uv": [ 6, 6.5, 6.75, 4.5 ], "texture": "#door_top" },
        "up":    { "uv": [ 6, 4.5, 6.75, 6.5 ], "texture": "#door_top" },
        "north": { "uv": [ 13, 15, 3.25, 15.75 ], "texture": "#door_top" },
        "south": { "uv": [ 3.25, 15, 13, 15.75 ], "texture": "#door_top" },
        "west":  { "uv": [ 3.25, 15, 12.75, 15.75 ], "texture": "#door_top" },
        "east":  { "uv": [ 12.75, 15, 3.25, 15.75 ], "texture": "#door_top" }
    }
},
{
    "from": [ 6.5, 16, 3.25 ],
    "to": [ 7.5, 16.75, 12.75 ],
    "faces": {
        "down":  { "uv": [ 6, 6.5, 6.75, 4.5 ], "texture": "#door_top" },
        "up":    { "uv": [ 6, 4.5, 6.75, 6.5 ], "texture": "#door_top" },
        "north": { "uv": [ 13, 7.25, 3.25, 8 ], "texture": "#door_top" },
        "south": { "uv": [ 3.25, 7.25, 13, 8 ], "texture": "#door_top" },
        "west":  { "uv": [ 3.25, 7.25, 12.75, 8 ], "texture": "#door_top" },
        "east":  { "uv": [ 12.75, 7.25, 3.25, 8 ], "texture": "#door_top" }
    }
},
{
    "from": [ 6.5, 8, 9.5 ],
    "to": [ 7.5, 21.25, 10.25 ],
    "faces": {
        "up":    { "uv": [ 9.5, 0, 10.25, 0.5 ], "texture": "#door" },
        "north": { "uv": [ 10.25, 2.75, 9.5, 16 ], "texture": "#door_top" },
        "south": { "uv": [ 9.5, 2.75, 10.25, 16 ], "texture": "#door_top" },
        "west":  { "uv": [ 9.5, 2.75, 10.25, 16 ], "texture": "#door_top" },
        "east":  { "uv": [ 10.25, 2.75, 9.5, 16 ], "texture": "#door_top" }
    }
},
{
    "from": [ 6.5, 8, 6 ],
    "to": [ 7.5, 21.25, 6.75 ],
    "faces": {
        "up":    { "uv": [ 6, 0, 6.75, 0.5 ], "texture": "#door" },
        "north": { "uv": [ 6.75, 2.75, 6, 16 ], "texture": "#door_top" },
        "south": { "uv": [ 6, 2.75, 6.75, 16 ], "texture": "#door_top" },
        "west":  { "uv": [ 6, 2.75, 6.75, 16 ], "texture": "#door_top" },
        "east":  { "uv": [ 6.75, 2.75, 6, 16 ], "texture": "#door_top" }
    }
},
{
    "from": [ 7.25, -8, 0 ],
    "to": [ 8.75, 4.5, 16 ],
    "faces": {
        "up":    { "uv": [ 12.5, 0, 13.75, 1 ], "texture": "#door" }
    }
},
{
    "from": [ 7.25, 8, 0 ],
    "to": [ 8.75, 20.5, 3.75 ],
    "faces": {
        "south": { "uv": [ 12.5, 0, 13.75, 1.25 ], "texture": "#door" }
    }
},
{
    "from": [ 7.25, 4.5, 0 ],
    "to": [ 8.75, 8, 3.75 ],
    "faces": {
        "south": { "uv": [ 12.5, 0, 13.75, 1.25 ], "texture": "#door" }
    }
},
{
    "from": [ 7.25, 8, 12.5 ],
    "to": [ 8.75, 20.5, 16 ],
    "faces": {
        "north": { "uv": [ 12.5, 0, 13.75, 1 ], "texture": "#door" }
    }
},
{
    "from": [ 7.25, 8, 0 ],
    "to": [ 8.75, 24, 16 ],
    "faces": {
        "up":    { "uv": [ 0, 2.5, 1.25, 4 ], "texture": "#door_top" },
        "north": { "uv": [ 0, 0, 0.5, 16 ], "texture": "#door_top" },
        "south": { "uv": [ 0, 2, 1, 4.5 ], "texture": "#door_top" },
        "west":  { "uv": [ 0, 0, 16, 16 ], "texture": "#door_top" },
        "east":  { "uv": [ 16, 0, 0, 16 ], "texture": "#door_top" }
    }
},
{
    "from": [ 6.5, 4.25, 9.5 ],
    "to": [ 7.5, 8, 10.25 ],
    "faces": {
        "down":  { "uv": [ 9.5, 0.5, 10.25, 0 ], "texture": "#door" },
        "north": { "uv": [ 10.25, 0, 9.5, 3.25 ], "texture": "#door" },
        "south": { "uv": [ 9.5, 0, 10.25, 3.25 ], "texture": "#door" },
        "west":  { "uv": [ 9.5, 0, 10.25, 3.25 ], "texture": "#door" },
        "east":  { "uv": [ 10.25, 0, 9.5, 3.25 ], "texture": "#door" }
    }
},
{
    "from": [ 6.5, 4.25, 6 ],
    "to": [ 7.5, 8, 6.75 ],
    "faces": {
        "down":  { "uv": [ 6, 0.5, 6.75, 0 ], "texture": "#door" },
        "north": { "uv": [ 6.75, 0, 6, 3.25 ], "texture": "#door" },
        "south": { "uv": [ 6, 0, 6.75, 3.25 ], "texture": "#door" },
        "west":  { "uv": [ 6, 0, 6.75, 3.25 ], "texture": "#door" },
        "east":  { "uv": [ 6.75, 0, 6, 3.25 ], "texture": "#door" }
    }
},
{
    "from": [ 7.25, 4.5, 12.5 ],
    "to": [ 8.75, 8, 16 ],
    "faces": {
        "north": { "uv": [ 12.5, 0, 13.75, 1 ], "texture": "#door" }
    }
},
{
    "from": [ 8.5, 4.25, 9.5 ],
    "to": [ 9.5, 8, 10.25 ],
    "faces": {
        "down":  { "uv": [ 9.5, 0.5, 10.25, 0 ], "texture": "#door" },
        "north": { "uv": [ 10.25, 0, 9.5, 3.25 ], "texture": "#door" },
        "south": { "uv": [ 9.5, 0, 10.25, 3.25 ], "texture": "#door" },
        "west":  { "uv": [ 9.5, 0, 10.25, 3.25 ], "texture": "#door" },
        "east":  { "uv": [ 10.25, 0, 9.5, 3.25 ], "texture": "#door" }
    }
},
{
    "from": [ 8.5, 4.25, 6 ],
    "to": [ 9.5, 8, 6.75 ],
    "faces": {
        "down":  { "uv": [ 6, 0.5, 6.75, 0 ], "texture": "#door" },
        "north": { "uv": [ 6.75, 0, 6, 3.25 ], "texture": "#door" },
        "south": { "uv": [ 6, 0, 6.75, 3.25 ], "texture": "#door" },
        "west":  { "uv": [ 6, 0, 6.75, 3.25 ], "texture": "#door" },
        "east":  { "uv": [ 6.75, 0, 6, 3.25 ], "texture": "#door" }
    }
},
{
    "from": [ 7.25, -8, 0 ],
    "to": [ 8.75, 8, 16 ],
    "faces": {
        "down":  { "uv": [ 0, 2, 1, 4.5 ], "texture": "#door" },
        "north": { "uv": [ 0, 0, 0.5, 16 ], "texture": "#door" },
        "south": { "uv": [ 0, 2, 1, 4.5 ], "texture": "#door" },
        "west":  { "uv": [ 0, 0, 16, 16 ], "texture": "#door" },
        "east":  { "uv": [ 16, 0, 0, 16 ], "texture": "#door" }
    }
}
]
}