{
"__comment": "Designed by Sphax with BDcraft Cubik PRO 0.75 Beta - http://bdcraft.net",
"ambientocclusion": false,
"textures": {
    "upper": "blocks/door_wood_upper",
    "lower": "blocks/door_wood_lower"
},
"elements": [ 
{
    "from": [ 8, 10, 3 ],
    "to": [ 8, 20, 13.5 ],
    "__comment": "upper",
    "faces": {
        "west":  { "uv": [ 3, 4, 13.5, 14 ], "texture": "#upper" }
    }
},
{
    "from": [ 7.25, 10, 13.5 ],
    "to": [ 8.75, 20, 16 ],
    "__comment": "upper",
    "faces": {
        "north": { "uv": [ 2, 4, 1.5, 6.25 ], "texture": "#upper" },
        "south": { "uv": [ 0, 3.75, 1.75, 6.25 ], "texture": "#upper" },
        "west":  { "uv": [ 13.5, 4, 16, 14 ], "texture": "#upper" },
        "east":  { "uv": [ 16, 4, 13.5, 14 ], "texture": "#upper" }
    }
},
{
    "from": [ 7.25, 8, 0 ],
    "to": [ 8.75, 10, 16 ],
    "__comment": "upper",
    "faces": {
        "up":    { "uv": [ 1.5, 4.25, 2, 6.25 ], "texture": "#upper" },
        "north": { "uv": [ 0, 14, 0.5, 16 ], "texture": "#upper" },
        "south": { "uv": [ 0, 4, 1.75, 6 ], "texture": "#upper" },
        "west":  { "uv": [ 0, 14, 16, 16 ], "texture": "#upper" },
        "east":  { "uv": [ 16, 14, 0, 16 ], "texture": "#upper" }
    }
},
{
    "from": [ 7.25, 10, 0 ],
    "to": [ 8.75, 20, 3 ],
    "__comment": "upper",
    "faces": {
        "north": { "uv": [ 0, 4, 0.5, 14 ], "texture": "#upper" },
        "south": { "uv": [ 1.5, 4, 2, 5.75 ], "texture": "#upper" },
        "west":  { "uv": [ 0, 4, 3, 14 ], "texture": "#upper" },
        "east":  { "uv": [ 3, 4, 0, 14 ], "texture": "#upper" }
    }
},
{
    "from": [ 6.5, 14, 0 ],
    "to": [ 9.5, 16.5, 2 ],
    "__comment": "upper",
    "faces": {
        "down":  { "uv": [ 0, 9.5, 0.5, 10 ], "texture": "#upper" },
        "up":    { "uv": [ 0, 9.5, 0.5, 10 ], "texture": "#upper" },
        "north": { "uv": [ 0, 7.5, 0.5, 10 ], "texture": "#upper" },
        "south": { "uv": [ 0, 7.5, 0.5, 10 ], "texture": "#upper" },
        "west":  { "uv": [ 0, 7.5, 2, 10 ], "texture": "#upper" },
        "east":  { "uv": [ 0, 7.5, 2, 10 ], "texture": "#upper" }
    }
},
{
    "from": [ 7.25, 20, 0 ],
    "to": [ 8.75, 24, 16 ],
    "__comment": "upper",
    "faces": {
        "down":  { "uv": [ 1.5, 3.75, 2, 5.75 ], "texture": "#upper" },
        "up":    { "uv": [ 0, 3.5, 1.75, 6.5 ], "texture": "#upper" },
        "north": { "uv": [ 0, 0, 0.5, 4 ], "texture": "#upper" },
        "south": { "uv": [ 0, 4, 1.75, 6.5 ], "texture": "#upper" },
        "west":  { "uv": [ 0, 0, 16, 4 ], "texture": "#upper" },
        "east":  { "uv": [ 16, 0, 0, 4 ], "texture": "#upper" }
    }
},
{
    "from": [ 7.25, -8, 0 ],
    "to": [ 8.75, 8, 16 ],
    "__comment": "lower",
    "faces": {
        "down":  { "uv": [ 0, 6, 1.5, 9.25 ], "texture": "#lower" },
        "north": { "uv": [ 0, 0, 0.5, 16 ], "texture": "#lower" },
        "south": { "uv": [ 0, 6, 1.5, 9.25 ], "texture": "#lower" },
        "west":  { "uv": [ 0, 0, 16, 16 ], "texture": "#lower" },
        "east":  { "uv": [ 16, 0, 0, 16 ], "texture": "#lower" }
    }
},
{
    "from": [ 6.5, 3.5, 0 ],
    "to": [ 9.5, 6, 2 ],
    "__comment": "lower",
    "faces": {
        "down":  { "uv": [ 0, 2, 0.5, 2.5 ], "texture": "#lower" },
        "up":    { "uv": [ 0, 2, 0.5, 2.5 ], "texture": "#lower" },
        "north": { "uv": [ 0.5, 2, 0, 4.5 ], "texture": "#lower" },
        "south": { "uv": [ 0, 2, 0.5, 4.5 ], "texture": "#lower" },
        "west":  { "uv": [ 0, 2, 2, 4.5 ], "texture": "#lower" },
        "east":  { "uv": [ 0, 2, 2, 4.5 ], "texture": "#lower" }
    }
},
{
    "from": [ 6.5, -5.5, 0 ],
    "to": [ 9.5, -3, 2 ],
    "__comment": "lower",
    "faces": {
        "down":  { "uv": [ 0, 11, 0.5, 11.5 ], "texture": "#lower" },
        "up":    { "uv": [ 0, 11, 0.5, 11.5 ], "texture": "#lower" },
        "north": { "uv": [ 0, 11, 0.5, 13.5 ], "texture": "#lower" },
        "south": { "uv": [ 0, 11, 0.5, 13.5 ], "texture": "#lower" },
        "west":  { "uv": [ 0, 11, 2, 13.5 ], "texture": "#lower" },
        "east":  { "uv": [ 0, 11, 2, 13.5 ], "texture": "#lower" }
    }
}
]
}