{
"__comment": "Designed by Sphax with Cubik for PureBDcraft - http://bdcraft.net",
"ambientocclusion": false,
"textures": {
    "particle": "blocks/iron_bars",
    "bars": "blocks/iron_bars"
},
"elements": [ 
{
    "from": [ 7.25, 0, 7 ],
    "to": [ 9, 16, 8.75 ],
    "faces": {
        "down":  { "uv": [ 4.5, 7, 6.5, 8.5 ], "texture": "#bars" },
        "up":    { "uv": [ 4.75, 7, 6.75, 8.5 ], "texture": "#bars" },
        "north": { "uv": [ 7, 0, 9, 16 ], "texture": "#bars" },
        "south": { "uv": [ 7, 0, 9, 16 ], "texture": "#bars" },
        "west":  { "uv": [ 7, 0, 9, 16 ], "texture": "#bars" },
        "east":  { "uv": [ 7, 0, 9, 16 ], "texture": "#bars" }
    }
},
{
    "from": [ 12, 0, 7.25 ],
    "to": [ 14, 16, 8.75 ],
    "faces": {
        "down":  { "uv": [ 9.5, 7, 11.5, 8.5 ], "texture": "#bars" },
        "up":    { "uv": [ 9.5, 7, 11.5, 8.5 ], "texture": "#bars" },
        "north": { "uv": [ 12, 0, 14, 16 ], "texture": "#bars" },
        "south": { "uv": [ 12, 0, 14, 16 ], "texture": "#bars" },
        "west":  { "uv": [ 7.25, 0, 8.75, 16 ], "texture": "#bars" },
        "east":  { "uv": [ 7.25, 0, 8.75, 16 ], "texture": "#bars" }
    }
},
{
    "from": [ 7.25, 0, 2 ],
    "to": [ 8.75, 16, 4 ],
    "faces": {
        "down":  { "uv": [ 7, 0.5, 8.5, 2.75 ], "texture": "#bars" },
        "up":    { "uv": [ 7, 0.5, 8.5, 2.5 ], "texture": "#bars" },
        "north": { "uv": [ 7.25, 0, 8.75, 16 ], "texture": "#bars" },
        "south": { "uv": [ 7.25, 0, 8.75, 16 ], "texture": "#bars" },
        "west":  { "uv": [ 2, 0, 4, 16 ], "texture": "#bars" },
        "east":  { "uv": [ 2, 0, 4, 16 ], "texture": "#bars" }
    }
},
{
    "from": [ 7, 7, 0 ],
    "to": [ 9, 9, 9 ],
    "faces": {
        "down":  { "uv": [ 7, 0, 8.5, 6.5 ], "texture": "#bars" },
        "up":    { "uv": [ 7, 0, 8.5, 6.5 ], "texture": "#bars" },
        "north": { "uv": [ 6.5, 7, 4.5, 9 ], "texture": "#bars" },
        "south": { "uv": [ 4.5, 7, 6.5, 9 ], "texture": "#bars" },
        "west":  { "uv": [ 0, 7, 9, 9 ], "texture": "#bars" },
        "east":  { "uv": [ 9, 7, 0, 9 ], "texture": "#bars" }
    }
},
{
    "from": [ 9, 7, 7 ],
    "to": [ 16, 9, 9 ],
    "faces": {
        "down":  { "uv": [ 9, 7, 12, 8.5 ], "texture": "#bars" },
        "up":    { "uv": [ 9, 7, 12, 8.5 ], "texture": "#bars" },
        "north": { "uv": [ 16, 7, 9, 9 ], "texture": "#bars" },
        "south": { "uv": [ 9, 7, 16, 9 ], "texture": "#bars" },
        "east":  { "uv": [ 6.5, 7, 4.5, 9 ], "texture": "#bars" }
    }
}
]
}