{
"__comment": "Designed by Sphax with BDcraft Cubik PRO 0.76 Beta - http://bdcraft.net",
"ambientocclusion": false,
"textures": {
    "particle": "blocks/door_birch_lower",
    "bottom": "blocks/door_birch_lower",
    "top": "blocks/door_birch_upper"
},
"elements": [ 
{
    "from": [ 0.5, 11, 0 ],
    "to": [ 2.5, 14, 16 ],
    "faces": {
        "down":  { "uv": [ 3, 4.5, 3.5, 5 ], "rotation": 90, "texture": "#bottom" },
        "up":    { "uv": [ 0, 2, 16, 2.5 ], "rotation": 90, "texture": "#bottom" },
        "north": { "uv": [ 14, 5, 16, 8 ], "texture": "#bottom" },
        "south": { "uv": [ 0, 2, 0.5, 5 ], "texture": "#bottom" },
        "west":  { "uv": [ 16, 2, 0, 5 ], "texture": "#bottom" },
        "east":  { "uv": [ 0, 2, 16, 5 ], "texture": "#bottom" }
    }
},
{
    "from": [ 0.5, 14, 13 ],
    "to": [ 2.5, 16, 16 ],
    "faces": {
        "north": { "uv": [ 14, 0, 16, 2 ], "texture": "#bottom" },
        "south": { "uv": [ 0, 0, 0.5, 2 ], "texture": "#bottom" },
        "west":  { "uv": [ 3, 0, 0, 2 ], "texture": "#bottom" },
        "east":  { "uv": [ 0, 0, 3, 2 ], "texture": "#bottom" }
    }
},
{
    "from": [ 0.5, 14, 0 ],
    "to": [ 2.5, 16, 2 ],
    "faces": {
        "north": { "uv": [ 14, 0, 16, 2 ], "texture": "#bottom" },
        "south": { "uv": [ 14, 0, 16, 2 ], "texture": "#bottom" },
        "west":  { "uv": [ 16, 0, 14, 2 ], "texture": "#bottom" },
        "east":  { "uv": [ 14, 0, 16, 2 ], "texture": "#bottom" }
    }
},
{
    "from": [ 0.5, 16, 13 ],
    "to": [ 2.5, 30, 16 ],
    "faces": {
        "north": { "uv": [ 14, 2, 16, 16 ], "texture": "#top" },
        "south": { "uv": [ 0, 2, 0.5, 16 ], "texture": "#top" },
        "west":  { "uv": [ 3, 2, 0, 16 ], "texture": "#top" },
        "east":  { "uv": [ 0, 2, 3, 16 ], "texture": "#top" }
    }
},
{
    "from": [ 0.5, 16, 0 ],
    "to": [ 2.5, 30, 2 ],
    "faces": {
        "north": { "uv": [ 14, 2, 16, 16 ], "texture": "#top" },
        "south": { "uv": [ 14, 2, 16, 16 ], "texture": "#top" },
        "west":  { "uv": [ 16, 2, 14, 16 ], "texture": "#top" },
        "east":  { "uv": [ 14, 2, 16, 16 ], "texture": "#top" }
    }
},
{
    "from": [ 0.5, 30, 0 ],
    "to": [ 2.5, 32, 16 ],
    "faces": {
        "down":  { "uv": [ 16, 0, 0, 0.5 ], "rotation": 90, "texture": "#top" },
        "up":    { "uv": [ 16, 2, 14, 16 ], "texture": "#top" },
        "north": { "uv": [ 14, 2, 16, 4 ], "texture": "#top" },
        "south": { "uv": [ 0, 0, 0.5, 2 ], "texture": "#top" },
        "west":  { "uv": [ 16, 0, 0, 2 ], "texture": "#top" },
        "east":  { "uv": [ 0, 0, 16, 2 ], "texture": "#top" }
    }
},
{
    "from": [ 1, 16, 2 ],
    "to": [ 2, 30, 13 ],
    "faces": {
        "west":  { "uv": [ 3, 2, 14, 16 ], "texture": "#top" },
        "east":  { "uv": [ 3, 2, 14, 16 ], "texture": "#top" }
    }
},
{
    "from": [ 0.5, 3, 13 ],
    "to": [ 2.5, 11, 16 ],
    "faces": {
        "north": { "uv": [ 14, 5, 16, 13 ], "texture": "#bottom" },
        "south": { "uv": [ 0, 5, 0.5, 13 ], "texture": "#bottom" },
        "west":  { "uv": [ 3, 5, 0, 13 ], "texture": "#bottom" },
        "east":  { "uv": [ 0, 5, 3, 13 ], "texture": "#bottom" }
    }
},
{
    "from": [ 0.5, 3, 0 ],
    "to": [ 2.5, 11, 2 ],
    "faces": {
        "north": { "uv": [ 14, 5, 16, 13 ], "texture": "#bottom" },
        "south": { "uv": [ 14, 5, 16, 13 ], "texture": "#bottom" },
        "west":  { "uv": [ 16, 5, 14, 13 ], "texture": "#bottom" },
        "east":  { "uv": [ 14, 5, 16, 13 ], "texture": "#bottom" }
    }
},
{
    "from": [ 0.5, 0, 0 ],
    "to": [ 2.5, 3, 16 ],
    "faces": {
        "down":  { "uv": [ 16, 5, 14, 13 ], "texture": "#bottom" },
        "up":    { "uv": [ 14, 5, 16, 13 ], "texture": "#bottom" },
        "north": { "uv": [ 14, 10, 16, 13 ], "texture": "#bottom" },
        "south": { "uv": [ 0, 13, 0.5, 16 ], "texture": "#bottom" },
        "west":  { "uv": [ 16, 13, 0, 16 ], "texture": "#bottom" },
        "east":  { "uv": [ 0, 13, 16, 16 ], "texture": "#bottom" }
    }
},
{
    "from": [ 1, 3, 2 ],
    "to": [ 2, 11, 13 ],
    "faces": {
        "west":  { "uv": [ 3, 5, 14, 13 ], "texture": "#bottom" },
        "east":  { "uv": [ 3, 5, 14, 13 ], "texture": "#bottom" }
    }
},
{
    "from": [ 1, 14, 2 ],
    "to": [ 2, 16, 13 ],
    "faces": {
        "west":  { "uv": [ 3, 0, 14, 2 ], "texture": "#bottom" },
        "east":  { "uv": [ 3, 0, 14, 2 ], "texture": "#bottom" }
    }
},
{
    "from": [ 0.5, 4, 8 ],
    "to": [ 1, 10, 12 ],
    "faces": {
        "down":  { "uv": [ 4, 11.5, 8, 12 ], "rotation": 90, "texture": "#bottom" },
        "up":    { "uv": [ 4, 6, 8, 6.5 ], "rotation": 90, "texture": "#bottom" },
        "north": { "uv": [ 4, 6, 4.5, 12 ], "texture": "#bottom" },
        "south": { "uv": [ 7.5, 6, 8, 12 ], "texture": "#bottom" },
        "west":  { "uv": [ 4, 6, 8, 12 ], "texture": "#bottom" }
    }
},
{
    "from": [ 0.5, 4, 3 ],
    "to": [ 1, 10, 7 ],
    "faces": {
        "down":  { "uv": [ 4, 11.5, 8, 12 ], "rotation": 90, "texture": "#bottom" },
        "up":    { "uv": [ 4, 6, 8, 6.5 ], "rotation": 90, "texture": "#bottom" },
        "north": { "uv": [ 9, 6, 9.5, 12 ], "texture": "#bottom" },
        "south": { "uv": [ 12.5, 6, 13, 12 ], "texture": "#bottom" },
        "west":  { "uv": [ 9, 6, 13, 12 ], "texture": "#bottom" }
    }
},
{
    "from": [ 2, 4, 3 ],
    "to": [ 2.5, 10, 7 ],
    "faces": {
        "down":  { "uv": [ 9, 11.5, 13, 12 ], "rotation": 90, "texture": "#bottom" },
        "up":    { "uv": [ 13, 6, 9, 6.5 ], "rotation": 90, "texture": "#bottom" },
        "north": { "uv": [ 12.5, 6, 13, 12 ], "texture": "#bottom" },
        "south": { "uv": [ 9, 6, 9.5, 12 ], "texture": "#bottom" },
        "east":  { "uv": [ 9, 6, 13, 12 ], "texture": "#bottom" }
    }
},
{
    "from": [ 2, 4, 8 ],
    "to": [ 2.5, 10, 12 ],
    "faces": {
        "down":  { "uv": [ 4, 11.5, 8, 12 ], "rotation": 90, "texture": "#bottom" },
        "up":    { "uv": [ 8, 6, 4, 6.5 ], "rotation": 90, "texture": "#bottom" },
        "north": { "uv": [ 7.5, 6, 8, 12 ], "texture": "#bottom" },
        "south": { "uv": [ 4, 6, 4.5, 12 ], "texture": "#bottom" },
        "east":  { "uv": [ 4, 6, 8, 12 ], "texture": "#bottom" }
    }
},
{
    "from": [ 0, 4, 14 ],
    "to": [ 3, 6, 16 ],
    "faces": {
        "down":  { "uv": [ 0, 10, 2, 10.5 ], "rotation": 90, "texture": "#bottom" },
        "up":    { "uv": [ 0, 10, 2, 10.5 ], "rotation": 90, "texture": "#bottom" },
        "north": { "uv": [ 1.5, 10, 2, 12 ], "texture": "#bottom" },
        "south": { "uv": [ 0, 10, 0.5, 12 ], "texture": "#bottom" },
        "west":  { "uv": [ 0, 10, 2, 12 ], "texture": "#bottom" },
        "east":  { "uv": [ 0, 10, 2, 12 ], "texture": "#bottom" }
    }
},
{
    "from": [ 0, 15, 14 ],
    "to": [ 3, 17, 16 ],
    "faces": {
        "down":  { "uv": [ 0, 10, 2, 10.5 ], "rotation": 90, "texture": "#bottom" },
        "up":    { "uv": [ 0, 10, 2, 10.5 ], "rotation": 90, "texture": "#bottom" },
        "north": { "uv": [ 1.5, 10, 2, 12 ], "texture": "#bottom" },
        "south": { "uv": [ 0, 10, 0.5, 12 ], "texture": "#bottom" },
        "west":  { "uv": [ 0, 10, 2, 12 ], "texture": "#bottom" },
        "east":  { "uv": [ 0, 10, 2, 12 ], "texture": "#bottom" }
    }
},
{
    "from": [ 0, 26, 14 ],
    "to": [ 3, 28, 16 ],
    "faces": {
        "down":  { "uv": [ 0, 10, 2, 10.5 ], "rotation": 90, "texture": "#bottom" },
        "up":    { "uv": [ 0, 10, 2, 10.5 ], "rotation": 90, "texture": "#bottom" },
        "north": { "uv": [ 1.5, 10, 2, 12 ], "texture": "#bottom" },
        "south": { "uv": [ 0, 10, 0.5, 12 ], "texture": "#bottom" },
        "west":  { "uv": [ 0, 10, 2, 12 ], "texture": "#bottom" },
        "east":  { "uv": [ 0, 10, 2, 12 ], "texture": "#bottom" }
    }
}
]
}