{
"__comment": "Designed by Sphax with BDcraft Cubik PRO 0.75 Beta - http://bdcraft.net",
"ambientocclusion": false,
"textures": {
    "particle": "blocks/tnt_side",
    "top": "blocks/tnt_top",
    "side": "blocks/tnt_side",
    "bottom": "blocks/tnt_bottom"
},
"elements": [ 
{
    "from": [ 8, 16, 8 ],
    "to": [ 12, 16.5, 12 ],
    "faces": {
        "up":    { "uv": [ 8, 8, 12, 12 ], "texture": "#top", "cullface": "up" },
        "north": { "uv": [ 4, 0, 8, 0.5 ], "texture": "#side", "cullface": "up" },
        "south": { "uv": [ 8, 0, 12, 0.5 ], "texture": "#side", "cullface": "up" },
        "west":  { "uv": [ 8, 0, 12, 0.5 ], "texture": "#side", "cullface": "up" },
        "east":  { "uv": [ 4, 0, 8, 0.5 ], "texture": "#side", "cullface": "up" }
    }
},
{
    "from": [ 4, 16, 4 ],
    "to": [ 8, 17, 8 ],
    "faces": {
        "up":    { "uv": [ 4, 4, 8, 8 ], "texture": "#top", "cullface": "up" },
        "north": { "uv": [ 8, 0, 12, 1 ], "texture": "#side", "cullface": "up" },
        "south": { "uv": [ 4, 0, 8, 1 ], "texture": "#side", "cullface": "up" },
        "west":  { "uv": [ 4, 0, 8, 1 ], "texture": "#side", "cullface": "up" },
        "east":  { "uv": [ 8, 0, 12, 1 ], "texture": "#side", "cullface": "up" }
    }
},
{
    "from": [ 0, 5, 16 ],
    "to": [ 16, 11, 16.5 ],
    "faces": {
        "down":  { "uv": [ 0, 10.5, 16, 11 ], "texture": "#side", "cullface": "south" },
        "up":    { "uv": [ 0, 5, 16, 5.5 ], "texture": "#side", "cullface": "south" },
        "south": { "uv": [ 0, 5, 16, 11 ], "texture": "#side", "cullface": "south" },
        "west":  { "uv": [ 0, 5, 0.5, 11 ], "texture": "#side", "cullface": "south" },
        "east":  { "uv": [ 15.5, 5, 16, 11 ], "texture": "#side", "cullface": "south" }
    }
},
{
    "from": [ 16, 5, 0 ],
    "to": [ 16.5, 11, 16 ],
    "faces": {
        "down":  { "uv": [ 0, 10.5, 16, 11 ], "texture": "#side", "cullface": "east" },
        "up":    { "uv": [ 0, 5, 16, 5.5 ], "texture": "#side", "cullface": "east" },
        "north": { "uv": [ 15.5, 5, 16, 11 ], "texture": "#side", "cullface": "east" },
        "south": { "uv": [ 0, 5, 0.5, 11 ], "texture": "#side", "cullface": "east" },
        "east":  { "uv": [ 0, 5, 16, 11 ], "texture": "#side", "cullface": "east" }
    }
},
{
    "from": [ 0, 5, -0.5 ],
    "to": [ 16, 11, 0 ],
    "faces": {
        "down":  { "uv": [ 0, 10.5, 16, 11 ], "texture": "#side", "cullface": "north" },
        "up":    { "uv": [ 0, 5, 16, 5.5 ], "texture": "#side", "cullface": "north" },
        "north": { "uv": [ 0, 5, 16, 11 ], "texture": "#side", "cullface": "north" },
        "west":  { "uv": [ 0, 5, 0.5, 11 ], "texture": "#side", "cullface": "north" },
        "east":  { "uv": [ 15.5, 5, 16, 11 ], "texture": "#side", "cullface": "north" }
    }
},
{
    "from": [ -0.5, 5, 0 ],
    "to": [ 0, 11, 16 ],
    "faces": {
        "down":  { "uv": [ 0, 10.5, 16, 11 ], "texture": "#side", "cullface": "west" },
        "up":    { "uv": [ 0, 5, 16, 5.5 ], "texture": "#side", "cullface": "west" },
        "north": { "uv": [ 0, 5, 0.5, 11 ], "texture": "#side", "cullface": "west" },
        "south": { "uv": [ 0, 5, 0.5, 11 ], "texture": "#side", "cullface": "west" },
        "west":  { "uv": [ 0, 5, 16, 11 ], "texture": "#side", "cullface": "west" }
    }
},
{
    "from": [ 0, 0, 0 ],
    "to": [ 16, 16, 16 ],
    "faces": {
        "down":  { "uv": [ 0, 16, 16, 0 ], "texture": "#bottom", "cullface": "down" },
        "up":    { "uv": [ 0, 0, 16, 16 ], "texture": "#top", "cullface": "up" },
        "north": { "uv": [ 0, 0, 16, 16 ], "texture": "#side", "cullface": "north" },
        "south": { "uv": [ 0, 0, 16, 16 ], "texture": "#side", "cullface": "south" },
        "west":  { "uv": [ 0, 0, 16, 16 ], "texture": "#side", "cullface": "west" },
        "east":  { "uv": [ 0, 0, 16, 16 ], "texture": "#side", "cullface": "east" }
    }
}
]
}