{
"__comment": "Designed by Sphax with Cubik for PureBDcraft - http://bdcraft.net",
"ambientocclusion": false,
"textures": {
    "particle": "blocks/door_iron_upper",
    "door_top": "blocks/door_iron_upper"
},
"elements": [ 
{
    "from": [ 0, 8, 0 ],
    "to": [ 3, 11, 1.5 ],
    "faces": {
        "down":  { "uv": [ 0, 5, 0.5, 5.5 ], "texture": "#door_top" },
        "up":    { "uv": [ 0, 5, 0.5, 5.5 ], "texture": "#door_top" },
        "north": { "uv": [ 0, 5, 0.5, 8 ], "texture": "#door_top" },
        "south": { "uv": [ 1, 7.5, 1.5, 8 ], "texture": "#door_top" },
        "west":  { "uv": [ 0, 5, 1.5, 8 ], "texture": "#door_top" },
        "east":  { "uv": [ 0, 5, 1.5, 8 ], "texture": "#door_top" }
    }
},
{
    "from": [ 0.75, 0, 0 ],
    "to": [ 2.25, 16, 16 ],
    "faces": {
        "up":    { "uv": [ 0, 2.5, 1.25, 4 ], "texture": "#door_top" },
        "north": { "uv": [ 0, 0, 0.5, 16 ], "texture": "#door_top" },
        "south": { "uv": [ 0, 2, 1, 4.5 ], "texture": "#door_top" },
        "west":  { "uv": [ 0, 0, 16, 16 ], "texture": "#door_top" },
        "east":  { "uv": [ 16, 0, 0, 16 ], "texture": "#door_top" }
    }
},
{
    "from": [ 0.75, 0, 12.5 ],
    "to": [ 2.25, 12.5, 16 ],
    "faces": {
        "north": { "uv": [ 12.5, 9, 13.75, 10 ], "texture": "#door_top" }
    }
},
{
    "from": [ 0.75, 0, 0 ],
    "to": [ 2.25, 12.5, 3.75 ],
    "faces": {
        "south": { "uv": [ 12.5, 10.25, 13.75, 11.5 ], "texture": "#door_top" }
    }
},
{
    "from": [ 0.25, 0, 6 ],
    "to": [ 1, 13.25, 6.75 ],
    "faces": {
        "up":    { "uv": [ 6, 0, 6.75, 0.5 ], "texture": "#door_top" },
        "north": { "uv": [ 6.75, 2.75, 6, 16 ], "texture": "#door_top" },
        "south": { "uv": [ 6, 2.75, 6.75, 16 ], "texture": "#door_top" },
        "west":  { "uv": [ 6, 2.75, 6.75, 16 ], "texture": "#door_top" },
        "east":  { "uv": [ 6.75, 4.75, 6, 5.75 ], "texture": "#door_top" }
    }
},
{
    "from": [ 0.25, 0, 9.5 ],
    "to": [ 1, 13.25, 10.25 ],
    "faces": {
        "up":    { "uv": [ 9.5, 0, 10.25, 0.5 ], "texture": "#door_top" },
        "north": { "uv": [ 10.25, 2.75, 9.5, 16 ], "texture": "#door_top" },
        "south": { "uv": [ 9.5, 2.75, 10.25, 16 ], "texture": "#door_top" },
        "west":  { "uv": [ 9.5, 2.75, 10.25, 16 ], "texture": "#door_top" },
        "east":  { "uv": [ 10.25, 4.25, 9.5, 6.25 ], "texture": "#door_top" }
    }
},
{
    "from": [ 0, 8, 3.25 ],
    "to": [ 0.75, 8.75, 12.75 ],
    "faces": {
        "down":  { "uv": [ 6, 6.5, 6.75, 4.5 ], "texture": "#door_top" },
        "up":    { "uv": [ 6, 4.5, 6.75, 6.5 ], "texture": "#door_top" },
        "north": { "uv": [ 13, 7.25, 3.25, 8 ], "texture": "#door_top" },
        "south": { "uv": [ 3.25, 7.25, 13, 8 ], "texture": "#door_top" },
        "west":  { "uv": [ 3.25, 7.25, 12.75, 8 ], "texture": "#door_top" },
        "east":  { "uv": [ 12.75, 7.25, 3.25, 8 ], "texture": "#door_top" }
    }
},
{
    "from": [ 0, 0.25, 3.25 ],
    "to": [ 0.75, 1, 12.75 ],
    "faces": {
        "down":  { "uv": [ 6, 6.5, 6.75, 4.5 ], "texture": "#door_top" },
        "up":    { "uv": [ 6, 4.5, 6.75, 6.5 ], "texture": "#door_top" },
        "north": { "uv": [ 13, 15, 3.25, 15.75 ], "texture": "#door_top" },
        "south": { "uv": [ 3.25, 15, 13, 15.75 ], "texture": "#door_top" },
        "west":  { "uv": [ 3.25, 15, 12.75, 15.75 ], "texture": "#door_top" },
        "east":  { "uv": [ 12.75, 15, 3.25, 15.75 ], "texture": "#door_top" }
    }
},
{
    "from": [ 2, 0, 9.5 ],
    "to": [ 2.75, 13.25, 10.25 ],
    "faces": {
        "up":    { "uv": [ 9.5, 0, 10.25, 0.5 ], "texture": "#door_top" },
        "north": { "uv": [ 10.25, 2.75, 9.5, 16 ], "texture": "#door_top" },
        "south": { "uv": [ 9.5, 2.75, 10.25, 16 ], "texture": "#door_top" },
        "west":  { "uv": [ 9.5, 4.25, 10.25, 6.5 ], "texture": "#door_top" },
        "east":  { "uv": [ 10.25, 2.75, 9.5, 16 ], "texture": "#door_top" }
    }
},
{
    "from": [ 2.25, 8, 3.25 ],
    "to": [ 3, 8.75, 12.75 ],
    "faces": {
        "down":  { "uv": [ 6, 6.5, 6.75, 4.5 ], "texture": "#door_top" },
        "up":    { "uv": [ 6, 4.5, 6.75, 6.5 ], "texture": "#door_top" },
        "north": { "uv": [ 13, 7.25, 3.25, 8 ], "texture": "#door_top" },
        "south": { "uv": [ 3.25, 7.25, 13, 8 ], "texture": "#door_top" },
        "west":  { "uv": [ 3.25, 7.25, 12.75, 8 ], "texture": "#door_top" },
        "east":  { "uv": [ 12.75, 7.25, 3.25, 8 ], "texture": "#door_top" }
    }
},
{
    "from": [ 2.25, 0.25, 3.25 ],
    "to": [ 3, 1, 12.75 ],
    "faces": {
        "down":  { "uv": [ 6, 6.5, 6.75, 4.5 ], "texture": "#door_top" },
        "up":    { "uv": [ 6, 4.5, 6.75, 6.5 ], "texture": "#door_top" },
        "north": { "uv": [ 13, 15, 3.25, 15.75 ], "texture": "#door_top" },
        "south": { "uv": [ 3.25, 15, 13, 15.75 ], "texture": "#door_top" },
        "west":  { "uv": [ 3.25, 15, 12.75, 15.75 ], "texture": "#door_top" },
        "east":  { "uv": [ 12.75, 15, 3.25, 15.75 ], "texture": "#door_top" }
    }
},
{
    "from": [ 2, 0, 6 ],
    "to": [ 2.75, 13.25, 6.75 ],
    "faces": {
        "up":    { "uv": [ 6, 0, 6.75, 0.5 ], "texture": "#door_top" },
        "north": { "uv": [ 6.75, 2.75, 6, 16 ], "texture": "#door_top" },
        "south": { "uv": [ 6, 2.75, 6.75, 16 ], "texture": "#door_top" },
        "west":  { "uv": [ 6, 4, 6.75, 6.25 ], "texture": "#door_top" },
        "east":  { "uv": [ 6.75, 2.75, 6, 16 ], "texture": "#door_top" }
    }
},
{
    "from": [ 0.75, 12.5, 3.75 ],
    "to": [ 2.25, 16, 12.5 ],
    "faces": {
        "down":  { "uv": [ 12.25, 8.75, 13.75, 10.5 ], "texture": "#door_top" }
    }
}
]
}