{
	"__comment": "Designed by Sphax with BDcraft Cubik PRO 0.75 Beta - http://bdcraft.net",
	"ambientocclusion": false,
	"textures": {
		"particle": "blocks/glass",
		"pane": "blocks/glass"
	},
	"elements": [ 
	{
		"from": [ 7, 0, 0 ],
		"to": [ 9, 16, 16 ],
		"faces": {
			"down":  { "uv": [ 15.75, 0, 16, 16 ], "texture": "#pane", "cullface": "down" },
			"up":    { "uv": [ 15.75, 16, 16, 0 ], "texture": "#pane", "cullface": "up" },
			"north": { "uv": [ 15.75, 0, 16, 16 ], "texture": "#pane", "cullface": "north" },
			"south": { "uv": [ 15.75, 0, 16, 16 ], "texture": "#pane", "cullface": "south" },
			"west":  { "uv": [ 0, 0, 16, 16 ], "texture": "#pane" },
			"east":  { "uv": [ 0, 0, 16, 16 ], "texture": "#pane" }
		}
	}
	],
	"display": {
		"thirdperson": {
			"rotation": [ -70, 45, -45 ],
			"translation": [ 0.4, 2.2, -2 ],
			"scale": [ 0.5, 0.5, 0.5 ]
		},
		"firstperson": {
			"rotation": [ -20, -50, -20 ],
			"translation": [ 1, 3, 1 ],
			"scale": [ 1.2, 1.2, 1.2 ]
		},
		"gui": {
			"rotation": [ 0, 0, 0 ],
			"translation": [ 0, 0, 0 ],
			"scale": [ 1.3, 1.3, 1.3 ]
		}
	}
}