{
"__comment": "Designed by Sphax with BDcraft Cubik PRO 0.76 Beta - http://bdcraft.net",
"ambientocclusion": false,
"textures": {
    "particle": "blocks/door_spruce_lower",
    "bottom": "blocks/door_spruce_lower",
    "top": "blocks/door_spruce_upper"
},
"elements": [ 
{
    "from": [ 0.5, 0, 0 ],
    "to": [ 2.5, 16, 16 ],
    "faces": {
        "down":  { "uv": [ 0, 14.75, 16, 15.25 ], "rotation": 90, "texture": "#bottom" },
        "north": { "uv": [ 14, 4, 16, 8.5 ], "texture": "#bottom" },
        "south": { "uv": [ 0, 0, 0.5, 16 ], "texture": "#bottom" },
        "west":  { "uv": [ 16, 0, 0, 16 ], "texture": "#bottom" },
        "east":  { "uv": [ 0, 0, 16, 16 ], "texture": "#bottom" }
    }
},
{
    "from": [ 0.5, 16, 0 ],
    "to": [ 2.5, 32, 16 ],
    "faces": {
        "up":    { "uv": [ 16, 0, 0, 0.5 ], "rotation": 90, "texture": "#top" },
        "north": { "uv": [ 14, 8, 16, 12 ], "texture": "#top" },
        "south": { "uv": [ 0, 0, 0.5, 16 ], "texture": "#top" },
        "west":  { "uv": [ 16, 0, 0, 16 ], "texture": "#top" },
        "east":  { "uv": [ 0, 0, 16, 16 ], "texture": "#top" }
    }
},
{
    "from": [ 0, 4, 14 ],
    "to": [ 3, 6, 16 ],
    "faces": {
        "down":  { "uv": [ 0, 12, 2, 11.5 ], "texture": "#bottom" },
        "up":    { "uv": [ 0, 10, 2, 10.5 ], "texture": "#bottom" },
        "north": { "uv": [ 1.5, 10, 2, 12 ], "texture": "#bottom" },
        "south": { "uv": [ 0, 10, 0.5, 12 ], "texture": "#bottom" },
        "west":  { "uv": [ 0, 10, 2, 12 ], "texture": "#bottom" },
        "east":  { "uv": [ 0, 10, 2, 12 ], "texture": "#bottom" }
    }
},
{
    "from": [ 0, 15, 14 ],
    "to": [ 3, 17, 16 ],
    "faces": {
        "down":  { "uv": [ 0, 12, 2, 11.5 ], "texture": "#bottom" },
        "up":    { "uv": [ 0, 10, 2, 10.5 ], "texture": "#bottom" },
        "north": { "uv": [ 1.5, 10, 2, 12 ], "texture": "#bottom" },
        "south": { "uv": [ 0, 10, 0.5, 12 ], "texture": "#bottom" },
        "west":  { "uv": [ 0, 10, 2, 12 ], "texture": "#bottom" },
        "east":  { "uv": [ 0, 10, 2, 12 ], "texture": "#bottom" }
    }
},
{
    "from": [ 0, 26, 14 ],
    "to": [ 3, 28, 16 ],
    "faces": {
        "down":  { "uv": [ 0, 6, 2, 5.5 ], "texture": "#top" },
        "up":    { "uv": [ 0, 4, 2, 4.5 ], "texture": "#top" },
        "north": { "uv": [ 1.5, 4, 2, 6 ], "texture": "#top" },
        "south": { "uv": [ 0, 4, 0.5, 6 ], "texture": "#top" },
        "west":  { "uv": [ 0, 4, 2, 6 ], "texture": "#top" },
        "east":  { "uv": [ 0, 4, 2, 6 ], "texture": "#top" }
    }
},
{
    "from": [ 0, 15.5, 2 ],
    "to": [ 3, 17.5, 4 ],
    "faces": {
        "down":  { "uv": [ 0, 6, 2, 5.5 ], "texture": "#top" },
        "up":    { "uv": [ 0, 4, 2, 4.5 ], "texture": "#top" },
        "north": { "uv": [ 0, 4, 0.5, 6 ], "texture": "#top" },
        "south": { "uv": [ 1.5, 4, 2, 6 ], "texture": "#top" },
        "west":  { "uv": [ 0, 4, 2, 6 ], "texture": "#top" },
        "east":  { "uv": [ 0, 4, 2, 6 ], "texture": "#top" }
    }
}
]
}