{
"__comment": "Designed by Sphax with BDcraft Cubik PRO 0.75 Beta - http://bdcraft.net",
"ambientocclusion": false,
"textures": {
    "particle": "blocks/torch_on",
    "torch": "blocks/torch_on",
    "fire": "blocks/bdc_torch"
},
"elements": [ 
{
    "__comment": "torch",
    "from": [ 6, 5, 6.75 ],
    "to": [ 8.5, 9, 9.25 ],
    "shade": false,
    "rotation": { "origin": [ 6, 9, 6.75 ], "axis": "z", "angle": 45 },
    "faces": {
        "down":  { "uv": [ 6.5, 9.5, 9.5, 6.5 ], "texture": "#torch", "cullface": "down" },
        "up":    { "uv": [ 6.5, 5.5, 9.5, 8.5 ], "texture": "#torch" },
        "north": { "uv": [ 6.5, 5.5, 9.5, 9.5 ], "texture": "#torch" },
        "south": { "uv": [ 6.5, 5.5, 9.5, 9.5 ], "texture": "#torch" },
        "west":  { "uv": [ 9.5, 5.5, 6.5, 9.5 ], "texture": "#torch" },
        "east":  { "uv": [ 6.5, 5.5, 9.5, 9.5 ], "texture": "#torch" }
    }
},
{
    "__comment": "stick",
    "from": [ 6, -1.25, 7.25 ],
    "to": [ 7.5, 9.75, 8.75 ],
    "rotation": { "origin": [ 6, 9.75, 7.25 ], "axis": "z", "angle": 45 },
    "faces": {
        "down":  { "uv": [ 7, 16, 9, 14.25 ], "texture": "#torch", "cullface": "down" },
        "up":    { "uv": [ 7, 14.25, 9, 16 ], "texture": "#torch" },
        "north": { "uv": [ 7.25, 5, 8.75, 16 ], "texture": "#torch" },
        "south": { "uv": [ 7.25, 5, 8.75, 16 ], "texture": "#torch" },
        "west":  { "uv": [ 7.25, 5, 8.75, 16 ], "texture": "#torch" },
        "east":  { "uv": [ 7.25, 5, 8.75, 16 ], "texture": "#torch" }
    }
},
{
    "from": [ 5.5, 6.5, 5.5 ],
    "to": [ 5.5625, 20.5, 12.5 ],
    "shade": false,
    "rotation": { "origin": [ 5.5, 6.5, 5.5 ], "axis": "y", "angle": 45 },
    "faces": {
        "east":  { "uv": [ 5, 0, 11, 16 ], "texture": "#fire" }
    }
},
{
    "from": [ 10.5, 6.5, 5.5 ],
    "to": [ 10.5625, 20.5, 12.5 ],
    "shade": false,
    "rotation": { "origin": [ 10.5, 6.5, 5.5 ], "axis": "y", "angle": -45 },
    "faces": {
        "east":  { "uv": [ 11, 0, 5, 16 ], "texture": "#fire" }
    }
}
],
"display": {
    "thirdperson": {
        "rotation": [ 0, 90, -160 ],
        "translation": [ 0, -0.2, -4.5 ],
        "scale": [ 0.85, 0.85, 0.85 ]
    },
    "head": {
        "rotation": [ 0, -90, 0 ],
        "translation": [ 0, 5.5, -6 ],
        "scale": [ 1.5, 1.5, 1.5 ]
    },
    "ground": {
        "rotation": [ 0, 0, 0 ],
        "translation": [ 0, 0, 0 ],
        "scale": [ 1.5, 1.5, 1.5 ]
    },
    "firstperson": {
        "rotation": [ 0, -131, 0 ],
        "translation": [ 0, 5, 1 ],
        "scale": [ 1.6, 1.6, 1.6 ]
    },
    "gui": {
        "rotation": [ 30, -45, 0 ],
        "translation": [ -2.5, -2, 0 ],
        "scale": [ 1.6, 1.6, 1.6 ]
    }
}
}