{
"__comment": "Designed by Sphax with BDcraft Cubik PRO 0.76 Beta - http://bdcraft.net",
"ambientocclusion": false,
"textures": {
    "particle": "blocks/door_wood_lower",
    "bottom": "blocks/door_wood_lower",
    "top": "blocks/door_wood_upper"
},
"elements": [ 
{
    "from": [ 0, 14.5, 2 ],
    "to": [ 3, 17, 2.5 ],
    "faces": {
        "down":  { "uv": [ 1.5, 11.5, 2, 12 ], "rotation": 270, "texture": "#bottom" },
        "up":    { "uv": [ 1.5, 10, 2, 10.5 ], "texture": "#bottom" },
        "north": { "uv": [ 1.5, 11, 2, 11.5 ], "texture": "#bottom" },
        "south": { "uv": [ 0, 10, 0.5, 12 ], "texture": "#bottom" }
    }
},
{
    "from": [ -0.5, 14.5, 2 ],
    "to": [ 0, 17, 3.5 ],
    "faces": {
        "down":  { "uv": [ 1, 11.5, 1.5, 12 ], "texture": "#bottom" },
        "up":    { "uv": [ 0, 10, 2, 10.5 ], "texture": "#bottom" },
        "north": { "uv": [ 1.5, 11, 2, 11.5 ], "texture": "#bottom" },
        "south": { "uv": [ 0, 10, 0.5, 12 ], "texture": "#bottom" },
        "west":  { "uv": [ 0, 10, 2, 12 ], "texture": "#bottom" },
        "east":  { "uv": [ 0, 10, 2, 12 ], "texture": "#bottom" }
    }
},
{
    "from": [ 3, 14.5, 2 ],
    "to": [ 3.5, 17, 3.5 ],
    "faces": {
        "down":  { "uv": [ 1, 11.5, 1.5, 12 ], "rotation": 270, "texture": "#bottom" },
        "up":    { "uv": [ 0, 10, 2, 10.5 ], "texture": "#bottom" },
        "north": { "uv": [ 1.5, 11, 2, 11.5 ], "texture": "#bottom" },
        "south": { "uv": [ 0, 10, 0.5, 12 ], "texture": "#bottom" },
        "west":  { "uv": [ 0, 10, 2, 12 ], "texture": "#bottom" },
        "east":  { "uv": [ 0, 10, 2, 12 ], "texture": "#bottom" }
    }
},
{
    "from": [ 0, 4, 14 ],
    "to": [ 3, 6, 16 ],
    "faces": {
        "down":  { "uv": [ 0, 11.5, 2, 12 ], "texture": "#bottom" },
        "up":    { "uv": [ 0, 10, 2, 10.5 ], "texture": "#bottom" },
        "north": { "uv": [ 1.5, 10, 2, 12 ], "texture": "#bottom" },
        "south": { "uv": [ 0, 10, 0.5, 12 ], "texture": "#bottom" },
        "west":  { "uv": [ 0, 10, 2, 12 ], "texture": "#bottom" },
        "east":  { "uv": [ 0, 10, 2, 12 ], "texture": "#bottom" }
    }
},
{
    "from": [ 0, 15, 14 ],
    "to": [ 3, 17, 16 ],
    "faces": {
        "down":  { "uv": [ 0, 11.5, 2, 12 ], "texture": "#bottom" },
        "up":    { "uv": [ 0, 10, 2, 10.5 ], "texture": "#bottom" },
        "north": { "uv": [ 1.5, 10, 2, 12 ], "texture": "#bottom" },
        "south": { "uv": [ 0, 10, 0.5, 12 ], "texture": "#bottom" },
        "west":  { "uv": [ 0, 10, 2, 12 ], "texture": "#bottom" },
        "east":  { "uv": [ 0, 10, 2, 12 ], "texture": "#bottom" }
    }
},
{
    "from": [ 0, 26, 14 ],
    "to": [ 3, 28, 16 ],
    "faces": {
        "down":  { "uv": [ 0, 11.5, 2, 12 ], "texture": "#bottom" },
        "up":    { "uv": [ 0, 10, 2, 10.5 ], "texture": "#bottom" },
        "north": { "uv": [ 1.5, 10, 2, 12 ], "texture": "#bottom" },
        "south": { "uv": [ 0, 10, 0.5, 12 ], "texture": "#bottom" },
        "west":  { "uv": [ 0, 10, 2, 12 ], "texture": "#bottom" },
        "east":  { "uv": [ 0, 10, 2, 12 ], "texture": "#bottom" }
    }
},
{
    "from": [ 0.75, 22.25, 3 ],
    "to": [ 2.25, 23.75, 13 ],
    "faces": {
        "down":  { "uv": [ 3.5, 4, 4.5, 14 ], "texture": "#top" },
        "up":    { "uv": [ 3.5, 4, 4.5, 14 ], "texture": "#top" },
        "west":  { "uv": [ 3, 4, 5, 14 ], "rotation": 90, "texture": "#top" },
        "east":  { "uv": [ 3, 4, 5, 14 ], "rotation": 90, "texture": "#top" }
    }
},
{
    "from": [ 1, 18, 7.25 ],
    "to": [ 2, 28, 8.75 ],
    "faces": {
        "north": { "uv": [ 3.5, 4, 4.5, 14 ], "texture": "#top" },
        "south": { "uv": [ 3.5, 4, 4.5, 14 ], "texture": "#top" },
        "west":  { "uv": [ 3, 4, 5, 14 ], "texture": "#top" },
        "east":  { "uv": [ 3, 4, 5, 14 ], "texture": "#top" }
    }
},
{
    "from": [ 0.5, 18, 0 ],
    "to": [ 2.5, 28, 3 ],
    "faces": {
        "north": { "uv": [ 14, 4, 16, 14 ], "texture": "#top" },
        "south": { "uv": [ 16, 4, 14, 14 ], "texture": "#top" },
        "west":  { "uv": [ 16, 4, 13, 14 ], "texture": "#top" },
        "east":  { "uv": [ 13, 4, 16, 14 ], "texture": "#top" }
    }
},
{
    "from": [ 0.5, 16, 0 ],
    "to": [ 2.5, 18, 16 ],
    "faces": {
        "down":  { "uv": [ 16, 4, 14, 14 ], "texture": "#top" },
        "up":    { "uv": [ 16, 4, 14, 14 ], "texture": "#top" },
        "north": { "uv": [ 14, 12, 16, 14 ], "texture": "#top" },
        "south": { "uv": [ 0, 14, 0.5, 16 ], "texture": "#top" },
        "west":  { "uv": [ 16, 14, 0, 16 ], "texture": "#top" },
        "east":  { "uv": [ 0, 14, 16, 16 ], "texture": "#top" }
    }
},
{
    "from": [ 0.5, 18, 13 ],
    "to": [ 2.5, 28, 16 ],
    "faces": {
        "north": { "uv": [ 14, 4, 16, 14 ], "texture": "#top" },
        "south": { "uv": [ 0, 4, 0.5, 14 ], "texture": "#top" },
        "west":  { "uv": [ 3, 4, 0, 14 ], "texture": "#top" },
        "east":  { "uv": [ 0, 4, 3, 14 ], "texture": "#top" }
    }
},
{
    "from": [ 0.5, 28, 0 ],
    "to": [ 2.5, 32, 16 ],
    "faces": {
        "down":  { "uv": [ 16, 4, 14, 14 ], "texture": "#top" },
        "up":    { "uv": [ 16, 4, 14, 14 ], "texture": "#top" },
        "north": { "uv": [ 14, 4, 16, 6.5 ], "texture": "#top" },
        "south": { "uv": [ 0, 0, 0.5, 4 ], "texture": "#top" },
        "west":  { "uv": [ 16, 0, 0, 4 ], "texture": "#top" },
        "east":  { "uv": [ 0, 0, 16, 4 ], "texture": "#top" }
    }
},
{
    "from": [ 0.75, 3.75, 3.75 ],
    "to": [ 2.25, 12.25, 12.25 ],
	"rotation": { "origin": [ 0, 8, 8 ], "axis": "x", "angle": 45 },
    "__comment": "Panel",
    "faces": {
        "down":  { "uv": [ 5, 11.5, 13, 12 ], "rotation": 270, "texture": "#top" },
        "up":    { "uv": [ 5, 4, 13, 4.5 ], "rotation": 90, "texture": "#top" },
        "north": { "uv": [ 5, 4, 5.5, 12 ], "texture": "#top" },
        "south": { "uv": [ 5, 4, 5.5, 12 ], "texture": "#top" },
        "west":  { "uv": [ 5, 4, 13, 12 ], "texture": "#top" },
        "east":  { "uv": [ 5, 4, 13, 12 ], "rotation": 90, "texture": "#top" }
    }
},
{
    "from": [ 1.25, 3, 3 ],
    "to": [ 1.75, 13, 13 ],
    "faces": {
        "west":  { "uv": [ 3, 3, 13, 13 ], "texture": "#bottom" },
        "east":  { "uv": [ 3, 3, 13, 13 ], "texture": "#bottom" }
    }
},
{
    "from": [ 0.5, 0, 0 ],
    "to": [ 2.5, 16, 3 ],
    "faces": {
        "down":  { "uv": [ 3, 14, 13, 16 ], "rotation": 90, "texture": "#bottom" },
        "north": { "uv": [ 14, 3, 16, 6.5 ], "texture": "#bottom" },
        "south": { "uv": [ 13, 3, 13.5, 13 ], "texture": "#bottom" },
        "west":  { "uv": [ 16, 0, 13, 16 ], "texture": "#bottom" },
        "east":  { "uv": [ 13, 0, 16, 16 ], "texture": "#bottom" }
    }
},
{
    "from": [ 0.5, 0, 3 ],
    "to": [ 2.5, 3, 13 ],
    "faces": {
        "down":  { "uv": [ 3, 14, 13, 16 ], "rotation": 90, "texture": "#bottom" },
        "up":    { "uv": [ 3, 13, 13, 13.5 ], "texture": "#bottom" },
        "west":  { "uv": [ 3, 13, 13, 16 ], "texture": "#bottom" },
        "east":  { "uv": [ 13, 13, 3, 16 ], "texture": "#bottom" }
    }
},
{
    "from": [ 0.5, 0, 13 ],
    "to": [ 2.5, 16, 16 ],
    "faces": {
        "down":  { "uv": [ 3, 14, 5.5, 16 ], "rotation": 90, "texture": "#bottom" },
        "north": { "uv": [ 2.5, 3, 3, 5.5 ], "texture": "#bottom" },
        "south": { "uv": [ 0, 0, 0.5, 16 ], "texture": "#bottom" },
        "west":  { "uv": [ 3, 0, 0, 16 ], "texture": "#bottom" },
        "east":  { "uv": [ 0, 0, 3, 16 ], "texture": "#bottom" }
    }
},
{
    "from": [ 0.5, 13, 3 ],
    "to": [ 2.5, 16, 13 ],
    "faces": {
        "down":  { "uv": [ 3, 2.5, 6.5, 3 ], "texture": "#bottom" },
        "west":  { "uv": [ 13, 0, 3, 3 ], "texture": "#bottom" },
        "east":  { "uv": [ 3, 0, 13, 3 ], "texture": "#bottom" }
    }
}
]
}