{
    "multipart": [
		{	"when": { "half": "bottom" },
			"apply": { "model": "bdc_slab_acacia_lower_edges" }	
		},
		{	"when": { "half": "bottom" },
			"apply": [
				{ "model": "bdc_slab_acacia_lower_1" },
				{ "model": "bdc_slab_acacia_lower_2" },
				{ "model": "bdc_slab_acacia_lower_3" },
				{ "model": "bdc_slab_acacia_lower_4" },
				{ "model": "bdc_slab_acacia_lower_5" },
				{ "model": "bdc_slab_acacia_lower_6" },
				{ "model": "bdc_slab_acacia_lower_7" },
				{ "model": "bdc_slab_acacia_lower_8" }
			]
		},
		{	"when": { "half": "top" },
			"apply": { "model": "bdc_slab_acacia_upper_edges" }	
		},
		{	"when": { "half": "top" },
			"apply": [
				{ "model": "bdc_slab_acacia_upper_1" },
				{ "model": "bdc_slab_acacia_upper_2" },
				{ "model": "bdc_slab_acacia_upper_3" },
				{ "model": "bdc_slab_acacia_upper_4" },
				{ "model": "bdc_slab_acacia_upper_5" },
				{ "model": "bdc_slab_acacia_upper_6" },
				{ "model": "bdc_slab_acacia_upper_7" },
				{ "model": "bdc_slab_acacia_upper_8" }
			]
		}
    ]
}