{
    "multipart": [
        {   
            "apply": { "model": "bdc_planks_jungle_edges" }
        },
        {   
            "apply": [
				{ "model": "bdc_planks_jungle_1" },
				{ "model": "bdc_planks_jungle_2" },
				{ "model": "bdc_planks_jungle_3" },
				{ "model": "bdc_planks_jungle_4" },
				{ "model": "bdc_planks_jungle_5" },
				{ "model": "bdc_planks_jungle_6" },
				{ "model": "bdc_planks_jungle_7" },
				{ "model": "bdc_planks_jungle_8" }
			]
        }
    ]
}