{
"__comment": "Designed by Sphax with BDcraft Cubik PRO 0.76 Beta - http://bdcraft.net",
"ambientocclusion": false,
"textures": {
    "particle": "block/oak_door_bottom",
    "bottom": "block/oak_door_bottom",
    "upper": "block/oak_door_top"
},
"elements": [ 
{
    "from": [ 0, 14.5, 13.5 ],
    "to": [ 3, 16, 14 ],
    "faces": {
        "down":  { "uv": [ 1.5, 11.5, 2, 12 ], "rotation": 270, "texture": "#bottom" },
        "north": { "uv": [ 1.5, 11, 2, 12 ], "texture": "#bottom" },
        "south": { "uv": [ 1.5, 11, 2, 12 ], "texture": "#bottom" }
    }
},
{
    "from": [ 3, 14.5, 12.5 ],
    "to": [ 3.5, 16, 14 ],
    "faces": {
        "down":  { "uv": [ 1, 11.5, 2, 12 ], "texture": "#bottom" },
        "north": { "uv": [ 0, 11, 0.5, 12 ], "texture": "#bottom" },
        "south": { "uv": [ 1.5, 11, 2, 12 ], "texture": "#bottom" },
        "west":  { "uv": [ 0, 11, 2, 12 ], "texture": "#bottom" },
        "east":  { "uv": [ 2, 11, 0, 12 ], "texture": "#bottom" }
    }
},
{
    "from": [ -0.5, 14.5, 12.5 ],
    "to": [ 0, 16, 14 ],
    "faces": {
        "down":  { "uv": [ 1, 11.5, 2, 12 ], "rotation": 270, "texture": "#bottom" },
        "north": { "uv": [ 0, 11, 0.5, 12 ], "texture": "#bottom" },
        "south": { "uv": [ 1.5, 11, 2, 12 ], "texture": "#bottom" },
        "west":  { "uv": [ 0, 11, 2, 12 ], "texture": "#bottom" },
        "east":  { "uv": [ 2, 11, 0, 12 ], "texture": "#bottom" }
    }
},
{
    "from": [ 0, 4, 0 ],
    "to": [ 3, 6, 2 ],
    "faces": {
        "down":  { "uv": [ 0, 11.5, 2, 12 ], "texture": "#bottom" },
        "up":    { "uv": [ 0, 10, 2, 10.5 ], "texture": "#bottom" },
        "north": { "uv": [ 0, 10, 0.5, 12 ], "texture": "#bottom" },
        "south": { "uv": [ 1.5, 10, 2, 12 ], "texture": "#bottom" },
        "west":  { "uv": [ 0, 10, 2, 12 ], "texture": "#bottom" },
        "east":  { "uv": [ 2, 10, 0, 12 ], "texture": "#bottom" }
    }
},
{
    "from": [ 0, 15, 0 ],
    "to": [ 3, 16, 2 ],
    "faces": {
        "down":  { "uv": [ 0, 0.5, 2, 1 ], "texture": "#bottom" },
        "north": { "uv": [ 0, 0, 0.5, 1 ], "texture": "#bottom" },
        "south": { "uv": [ 2, 0, 1.5, 1 ], "texture": "#bottom" },
        "west":  { "uv": [ 0, 0, 2, 1 ], "texture": "#bottom" },
        "east":  { "uv": [ 2, 0, 0, 1 ], "texture": "#bottom" }
    }
},
{
    "from": [ 1.25, 3, 3 ],
    "to": [ 1.75, 13, 13 ],
    "faces": {
        "west":  { "uv": [ 3, 3, 13, 13 ], "texture": "#bottom" },
        "east":  { "uv": [ 3, 3, 13, 13 ], "texture": "#bottom" }
    }
},
{
    "from": [ 0.5, 0, 13 ],
    "to": [ 2.5, 16, 16 ],
    "faces": {
        "down":  { "uv": [ 3, 13, 13, 16 ], "rotation": 270, "texture": "#bottom" },
        "north": { "uv": [ 13, 3, 13.5, 13 ], "texture": "#bottom" },
        "south": { "uv": [ 14, 3, 16, 7 ], "texture": "#bottom" },
        "west":  { "uv": [ 13, 0, 16, 16 ], "texture": "#bottom" },
        "east":  { "uv": [ 16, 0, 13, 16 ], "texture": "#bottom" }
    }
},
{
    "from": [ 0.5, 0, 3 ],
    "to": [ 2.5, 3, 13 ],
    "faces": {
        "down":  { "uv": [ 3, 13, 13, 16 ], "rotation": 270, "texture": "#bottom" },
        "up":    { "uv": [ 3, 13, 13, 13.5 ], "texture": "#bottom" },
        "west":  { "uv": [ 3, 13, 13, 16 ], "texture": "#bottom" },
        "east":  { "uv": [ 13, 13, 3, 16 ], "texture": "#bottom" }
    }
},
{
    "from": [ 0.5, 0, 0 ],
    "to": [ 2.5, 16, 3 ],
    "faces": {
        "down":  { "uv": [ 3, 13, 5.5, 16 ], "rotation": 270, "texture": "#bottom" },
        "north": { "uv": [ 0, 0, 0.5, 16 ], "texture": "#bottom" },
        "south": { "uv": [ 2.5, 3, 3, 5.5 ], "texture": "#bottom" },
        "west":  { "uv": [ 0, 0, 3, 16 ], "texture": "#bottom" },
        "east":  { "uv": [ 3, 0, 0, 16 ], "texture": "#bottom" }
    }
},
{
    "from": [ 0.5, 13, 3 ],
    "to": [ 2.5, 16, 13 ],
    "faces": {
        "down":  { "uv": [ 3, 2.5, 6.5, 3 ], "texture": "#bottom" },
        "west":  { "uv": [ 3, 0, 13, 3 ], "texture": "#bottom" },
        "east":  { "uv": [ 13, 0, 3, 3 ], "texture": "#bottom" }
    }
},
{
    "from": [ 0.75, 5.5, 8 ],
    "to": [ 2.25, 14, 16.5 ],
    "rotation": { "origin": [ 0.75, 14, 8 ], "axis": "x", "angle": 45 },
    "faces": {
        "down":  { "uv": [ 5, 4, 5.5, 4.5 ], "texture": "#upper" },
        "up":    { "uv": [ 5, 4, 5.5, 4.5 ], "texture": "#upper" },
        "north": { "uv": [ 4.5, 4, 5, 4.5 ], "texture": "#upper" },
        "south": { "uv": [ 5, 4, 5.5, 4.5 ], "texture": "#upper" },
        "west":  { "uv": [ 5, 4, 13, 12 ], "texture": "#upper" },
        "east":  { "uv": [ 13, 4, 5, 12 ], "texture": "#upper" }
    }
}
]
}