{
	"__comment": "Designed by Sphax with Cubik Studio for PureBDcraft - https://BDcraft.net",
	"parent": "block/thin_block",
	"ambientocclusion": false,
	"textures": {
		"particle": "#texture",
		"texture": "block/warped_trapdoor"
	},
	"elements": [ 	 
		{
			"__comment": "thickness",
			"from": [ 0, 14, 0 ],
			"to": [ 16, 16, 3 ],
			"faces": {
				"south": { "uv": [ 0, 3, 16, 1 ], "texture": "#texture" }
			}
		},
		{
			"__comment": "thickness1",
			"from": [ 0, 14, 13 ],
			"to": [ 16, 16, 16 ],
			"faces": {
				"north": { "uv": [ 16, 13, 0, 15 ], "texture": "#texture" }
			}
		},
		{
			"__comment": "thickness2",
			"from": [ 0, 14, 3 ],
			"to": [ 3, 16, 13 ],
			"faces": {
				"east": { "uv": [ 1, 13, 3, 3 ], "texture": "#texture", "rotation": 270 }
			}
		},
		{
			"__comment": "thickness3",
			"from": [ 13, 14, 3 ],
			"to": [ 16, 16, 13 ],
			"faces": {
				"west": { "uv": [ 13, 13, 15, 3 ], "texture": "#texture", "rotation": 90 }
			}
		},
		{
			"__comment": "border",
			"from": [ 0, 14, 0 ],
			"to": [ 16, 16, 16 ],
			"faces": {
				"down": { "uv": [ 0, 16, 16, 0 ], "texture": "#texture" },
				"up": { "uv": [ 0, 0, 16, 16 ], "texture": "#texture", "cullface": "up" },
				"north": { "uv": [ 0, 14, 16, 16 ], "texture": "#texture", "cullface": "north" },
				"south": { "uv": [ 0, 16, 16, 14 ], "texture": "#texture", "cullface": "south" },
				"west": { "uv": [ 2, 0, 0, 16 ], "texture": "#texture", "cullface": "west", "rotation": 270 },
				"east": { "uv": [ 14, 16, 16, 0 ], "texture": "#texture", "cullface": "east", "rotation": 270 }
			}
		},
		{
			"__comment": "in1",
			"from": [ 0, 13.125, 0 ],
			"to": [ 16, 14.125, 16 ],
			"faces": {
				"up": { "uv": [ 16, 16, 0, 0 ], "texture": "#texture" }
			}
		},
		{
			"__comment": "in2",
			"from": [ 0, 15.875, 0 ],
			"to": [ 16, 16.875, 16 ],
			"faces": {
				"down": { "uv": [ 16, 0, 0, 16 ], "texture": "#texture" }
			}
		}
	]
}